epoch,lr,train_active_f1,train_active_precision,train_active_recall,train_count_mae,train_day_acc,train_duration_mae_minutes,train_loss,train_loss_active,train_loss_count,train_loss_day,train_loss_duration,train_loss_time,train_loss_week_time,train_start_mae_minutes,train_start_tol_5m,val_active_f1,val_active_precision,val_active_recall,val_count_mae,val_day_acc,val_duration_mae_minutes,val_loss,val_loss_active,val_loss_count,val_loss_day,val_loss_duration,val_loss_time,val_loss_week_time,val_monitor_score,val_start_mae_minutes,val_start_tol_5m
1,0.00025,59.7456578123087,58.65818756156862,65.37146853502173,6.475740327835083,16.732833564281464,20.661889791488647,13.58476146697998,1.705401349067688,6.475740327835083,1.845153923034668,0.4591458362340927,5.017306728363037,6.79044114112854,2840.3559387207033,0.961433531716466,66.36040315065014,69.73772034783248,63.68293337451769,5.797004589667687,18.698282425220196,14.825223500912006,11.891671840961163,1.6492962837219238,5.797004589667687,1.633871894616347,0.20073299568433028,4.3141578160799465,5.819725843576284,-61.0975110702924,2482.4165813739482,1.7551068001641676
2,0.00025,68.96932966709787,69.8100788239061,68.92697596266527,5.9848529243469235,22.48765993118286,12.95932171344757,11.64053768157959,1.5391179370880126,5.9848529243469235,1.6109934329986573,0.137747290879488,4.270820999145508,5.669007177352905,2404.4570343017576,2.3795184772461653,70.42824406575603,70.5715323750708,70.34115571236866,5.608312386732835,17.547501609302483,13.704181084266075,10.95544800391564,1.4425444602966309,5.608312386732835,1.4833130286290095,0.16010671395521897,4.0284809699425335,5.346344947814941,-80.08244859975379,3196.512955885667,3.743252344429493
3,0.00025,70.90084867857064,71.40002067524671,70.75067110037743,5.579217467308045,29.823444545269012,13.093131756782531,10.87348762512207,1.4728837203979492,5.579217467308045,1.452546558380127,0.13368675202131272,4.089271869659424,5.260647125244141,1918.478778076172,3.767885260283947,73.82007322737857,68.50278764593627,80.57716678126761,5.9330321825467625,35.09610983041617,10.861271207149212,10.391329838679386,1.1673195912287786,5.9330321825467625,1.4159715725825384,0.09331203481325737,3.934225944372324,5.048955733959492,-34.13986002949319,1760.1774597167969,4.937014499535928
4,0.00025,72.35948571477789,70.82585258650401,74.54628546248138,5.346378598213196,37.21549588441849,11.350037312507629,10.283770294189454,1.404367127418518,5.346378598213196,1.250963101387024,0.10350226029753685,3.999493637084961,4.947815580368042,1524.5791213989257,5.263228014111519,72.99638651682595,68.68573145431193,78.58253922967285,5.3985042205223674,46.407696375480064,9.408324223298292,9.78225825383113,1.2754908570876489,5.3985042205223674,1.1125776584331806,0.06874053781995407,3.855513646052434,4.674936881432166,-19.308643188518474,1385.132821890024,9.495032005585157
5,0.00025,72.74982764837671,71.00027345440336,75.02441695807397,5.136033473014831,45.00379794836044,9.713832604885102,9.78880521774292,1.3870631194114684,5.136033473014831,1.06330291390419,0.07803665928542614,3.937410788536072,4.656983432769775,1329.1683654785156,7.7461207658052444,71.30021008054398,76.49178126597698,68.06852326893066,4.629092418230497,48.64694384428171,5.83659270635018,9.281856536865234,1.5364305422856257,4.629092418230497,0.9416913390159607,0.03125387358550842,3.7343556514153113,4.319819285319402,-22.691116300026643,1579.2879192645732,12.622193820201433
6,0.00025,73.48004709081124,70.83488342512918,76.66664532115699,5.03934006690979,57.41931360960007,8.986177694797515,9.21957305908203,1.330805995464325,5.03934006690979,0.8804115927219391,0.06461324237287044,3.8112693071365356,4.3114492273330685,952.4455726623535,12.477444276213646,75.2634772245714,69.80274034201106,81.89772773080503,5.112372545095591,66.51568183532127,7.449869330112751,8.527550770686222,1.1343508408619807,5.112372545095591,0.7223233672288748,0.05006474256515503,3.584274512070876,3.9437806056096005,4.936246909774738,781.2837101862981,17.08060445693823
7,0.00025,73.75792414748919,71.11343597148993,77.15274517854368,5.068194651603699,66.36009764671326,8.041436362266541,8.77202714920044,1.3251959824562072,5.068194651603699,0.7419034564495086,0.05104265838861465,3.6497235918045043,3.987024154663086,612.8749847412109,16.244005247950554,75.00396976620102,70.85704905391738,80.09594698105569,4.847872202212994,72.75459720538213,4.505536395769853,8.030471948476938,1.1838604807853699,4.847872202212994,0.6118727670266078,0.02002040955882806,3.3805351440723124,3.6228084564208984,17.834561787402905,446.92590860220105,21.818603231356693
8,0.00025,74.74383396230397,70.79153522850255,79.3376447339873,4.9186501836776735,70.54549860954285,7.862864995002747,8.28647982597351,1.2523298048973084,4.9186501836776735,0.6639259111881256,0.04924854353070259,3.4910581254959108,3.7264798069000244,491.75889892578124,19.089099377393723,75.49480631084626,75.03855100752739,76.18061402845457,4.452476226366484,75.72560081115135,4.262419044971466,7.66296647145198,1.2675880743907049,4.452476226366484,0.5538833531049582,0.017826286574395802,3.268394873692439,3.3908254550053525,21.161117766757652,397.3284721374512,23.438008702718296
9,0.00025,75.13796779870782,71.46650155504383,79.72691884962882,4.824189229011536,73.07480192184448,7.715901851654053,7.984606456756592,1.2359460926055907,4.824189229011536,0.6287123149633408,0.046770164519548414,3.39847119808197,3.53783597946167,441.7924057006836,21.117910623550415,75.22985289506025,73.24266176752192,77.6002038596361,4.414155189807598,77.82927705691411,8.984537353882423,7.393686954791729,1.2622320652008057,4.414155189807598,0.5243776142597198,0.059111409748976045,3.1397463174966664,3.2015443398402286,23.06402334704932,364.144711127648,26.150073454930233
10,0.00025,75.81492685758121,71.86566625988686,80.78129326564842,4.646046805381775,74.33646643161774,7.279855942726135,7.6731773948669435,1.2007860505580903,4.646046805381775,0.5955921322107315,0.04149578362703323,3.284923582077026,3.3848937940597534,420.270760345459,23.078545659780502,77.33497822402427,70.39743459167221,85.85741812013973,4.699105005997878,77.4495372405419,7.2908149774257955,7.078464508056641,1.022719566638653,4.699105005997878,0.5122857070886172,0.04267226832990463,3.0477254574115458,3.0754345196944017,24.638727558988187,340.88104541485126,28.04489594239455
11,0.00025,76.48356752971135,72.13882363807328,81.85379968943636,4.487787742614746,75.84101450443268,6.954784631729126,7.398431701660156,1.155805448293686,4.487787742614746,0.5718429386615753,0.03910684958100319,3.2032231140136718,3.257554850578308,391.37777786254884,25.04500448703766,75.94998221695516,78.45469148430942,75.24830566206975,4.159738412270179,78.11490664115318,6.8215571000025825,7.027269656841572,1.2658766553952143,4.159738412270179,0.5182967667396252,0.03675901416975718,2.9842290694896993,2.9980228497431827,25.833352022068183,342.89335104135364,29.676350836570446
12,0.00025,76.9645359468276,73.14958894350606,81.36342533156639,4.1198370122909544,76.66974079608917,6.763488721847534,7.088721361160278,1.1470736181735992,4.1198370122909544,0.5494332325458526,0.036380446329712865,3.1173162698745727,3.132565541267395,371.98080291748045,26.592656791210175,79.29159133386155,76.07974704670488,83.11381925152895,3.675939156458928,78.95904962833112,5.7847998692439155,6.51042993252094,1.0582671211316035,3.675939156458928,0.4846932085660788,0.026196604737868674,2.9187394105471096,2.8997150567861705,29.160739522270298,315.0357451805702,30.299909298236553
13,0.00025,77.19695237606466,72.99143796328713,82.20712592880827,4.215982465744019,77.25940418243408,6.881840455532074,7.027773551940918,1.1304528963565827,4.215982465744019,0.54465336561203,0.0362135823443532,3.0702787494659423,3.0762479734420776,359.2087043762207,27.4455549120903,79.40355055085439,76.23360704165393,83.14140184641812,3.6201192965874305,80.26863244863657,4.830787456952608,6.328899346865141,1.0317020095311678,3.6201192965874305,0.4541701834935408,0.019989453327770416,2.851490405889658,2.804187976397001,30.97920094981396,296.46813172560474,32.96261979983403
14,0.00025,78.23791995624424,73.79267756968603,83.5083323521306,3.895111126899719,78.29091084003448,6.568924903869629,6.747800579071045,1.085601464509964,3.895111126899719,0.5228641766309738,0.03394858907908201,3.0071405172348022,2.9884329271316528,344.3770492553711,28.63714462518692,76.35516820175783,80.69435856013894,74.1435530713438,3.8458247368152323,79.0883930829855,5.687916737336379,6.641950937417837,1.326992365030142,3.8458247368152323,0.4782721469035515,0.026327713392674923,2.795685676427988,2.7573856573838453,29.239763581291356,311.6688361534706,34.09350227851134
15,0.00025,78.28822574041396,74.83356011414796,82.41093256728826,3.8703340768814085,78.08854675292969,6.388612604141235,6.709598655700684,1.1173081278800965,3.8703340768814085,0.535228545665741,0.03304124969989061,2.969781126976013,2.941719388961792,345.68798332214357,29.75333872437477,79.14527012167918,77.9032294454993,80.762487862047,3.3242608400491567,81.96907364405118,6.0336207655759955,6.113457092872033,1.0495992669692407,3.3242608400491567,0.45480056221668536,0.028623580216215208,2.765008706312913,2.708899791424091,32.713085731654886,284.52218202444226,35.14629143934984
16,0.00025,79.07107704076843,75.47624798194217,83.29756261416632,3.5323307657241823,78.49199438095093,6.250905060768128,6.420077991485596,1.0625868844985962,3.5323307657241823,0.5113769763708115,0.03150489736348391,2.9178214645385743,2.857528748512268,334.68261070251464,31.013704419136047,80.04012324965778,72.03011867899853,90.29342890472404,4.0173327556023235,82.3295941719642,7.272059275553777,6.028160058535063,0.8554509236262395,4.0173327556023235,0.4433268698362204,0.03854694332067783,2.686735061498789,2.6107673003123355,32.416117628440915,276.76418964679425,36.77231210928697
17,0.00025,78.86545189966814,74.26877486324005,84.38042867186132,3.7210911560058593,79.53185415267944,6.14072944521904,6.3797845458984375,1.047261607646942,3.7210911560058593,0.5053746694326401,0.030652104392647744,2.852740979194641,2.793656144142151,316.9191093444824,31.911095589399338,81.07909975807512,78.65633612311743,83.7645770425506,3.0926912931295543,82.84605558101947,5.6183416568315945,5.738541603088379,0.9873466583398672,3.0926912931295543,0.4262495132593008,0.025393985784970798,2.6438777996943545,2.541373839745155,35.94944746887142,261.12230080824634,38.820359110832214
18,0.00025,79.79073244465941,76.01888803582506,84.11964185654324,3.262100796699524,80.11068737506866,6.109635078907013,6.117012166976929,1.0184733760356903,3.262100796699524,0.4977982896566391,0.030133917368948458,2.82376971244812,2.738719129562378,309.7035453796387,33.12158781290054,80.57040274241747,76.41492703124949,85.2967558172414,3.2363763589125414,81.83528230740474,4.878159440480745,5.723209692881658,0.9586468843313364,3.2363763589125414,0.4417033539368556,0.01893529102492791,2.615250504933871,2.5138775201944203,35.189991192979136,278.0006980895996,39.610010385513306
19,0.00025,79.98672411121306,75.74188064449525,84.90921169809657,3.215880470275879,80.91521346569061,5.943481659889221,5.9902221298217775,1.0003396773338318,3.215880470275879,0.4824699372053146,0.02879568815231323,2.7703194427490234,2.673339262008667,299.1155609130859,34.103961914777756,80.75730956016771,82.2779216783566,79.74804939515963,2.5554130169061513,82.13084385945247,7.908553847899804,5.52766986993643,1.0865348394100482,2.5554130169061513,0.4172465457366063,0.043323006767493025,2.5662664083334117,2.4511442276147695,37.45545295164028,258.33194439227765,40.66720650746272
20,0.00025,80.21144633674673,76.51230089244315,84.49445502450834,3.132241611480713,80.77943158149719,5.8269357025623325,5.925153064727783,1.0131056261062623,3.132241611480713,0.4730310553312302,0.027598701976239683,2.7438445138931273,2.6390566062927245,295.4895248413086,34.729078471660614,80.90635052537775,76.21498828513542,86.44651547929556,3.0188120695260854,84.7626621906574,6.301022561696859,5.415343119547917,0.9134145837563735,3.0188120695260854,0.40538668632507324,0.030729669217879955,2.5160528604800882,2.379092033092792,38.40083136049,231.60433769226074,42.594708158419685
21,0.00025,80.32443970849282,76.82408623315783,84.37414679141452,3.011219415664673,81.68986904621124,5.622800952196121,5.7646508884429934,0.9886315214633942,3.011219415664673,0.4697420418262482,0.026007203571498393,2.689215908050537,2.5709161376953125,285.3247257232666,36.143108665943146,81.84021960555718,79.11363474466769,85.28933810231895,2.6834275080607486,85.97433796295753,4.508815178504357,5.263831615447998,0.9248063151652997,2.6834275080607486,0.39603689083686244,0.01615364054361215,2.483670473098755,2.350544498516963,39.98839928523805,221.93844941946176,42.84953681322244
22,0.00025,80.83223083756207,78.04371164229599,84.01793753600553,2.727104585170746,82.38447713851929,5.4831960797309875,5.599588003158569,0.9921690332889557,2.727104585170746,0.4591549402475357,0.02437781121581793,2.655085563659668,2.5210071706771853,272.2206008911133,36.92315328121185,81.68942247186078,80.51028193493131,82.99597865147528,2.3540765322171726,86.2360092309805,5.935607919326196,5.066745611337515,0.9435172218542832,2.3540765322171726,0.3780592152705559,0.024078565291487254,2.4302125985805807,2.2773595864956198,41.33973078247108,216.36609590970554,44.63070951975309
23,0.00025,81.20282886970891,77.77502153060976,85.06323790810086,2.6568231201171875,83.27995717525482,5.417540955543518,5.447167015075683,0.9510595655441284,2.6568231201171875,0.4409905183315277,0.02470444582402706,2.602207226753235,2.460532364845276,257.6369918823242,38.409140825271606,81.86860255720785,79.90846443412609,84.44347657203318,2.363470581861643,85.11634835830101,5.830645217345311,4.997735243577224,0.9138144025435815,2.363470581861643,0.38033865277583784,0.025555320299015596,2.40621856542734,2.2452362042206984,41.563424398935524,219.81567969689002,45.74492138165694
24,0.00025,81.35225781838675,78.52265058743272,84.49662703485745,2.5690536856651307,83.807532787323,5.3174919307231905,5.376643552780151,0.95661088347435,2.5690536856651307,0.4330498892068863,0.023404383100569248,2.5947934579849243,2.425511884689331,248.81534957885742,38.89213228225708,82.0549319316509,82.72915064203572,81.90257467036419,2.254862959568317,86.47097991063045,5.264546045890222,4.969507657564604,1.0034327461169317,2.254862959568317,0.37158005971174973,0.01962385828105303,2.3602025600580068,2.1888263317254872,42.80985360290385,206.23072991004358,46.86687015570127
25,0.00025,81.67946342168669,78.77276384277184,84.99256086221033,2.563424768447876,84.20446634292603,5.189602077007294,5.285657510757447,0.9460632848739624,2.563424768447876,0.42301035463809966,0.02284672126173973,2.542400827407837,2.3706198954582214,243.521014213562,40.175096929073334,83.23053805450647,79.74865871318671,87.26645709869156,2.190499938451327,87.09964247850272,5.072586261309111,4.744322630075308,0.8477839048092182,2.190499938451327,0.36412086395116955,0.01879196477910647,2.3288086652755737,2.156266129933871,44.17680005684206,191.4096634204571,47.75161880713243
26,0.00025,81.62715903806502,78.84611091934907,84.76343762841778,2.439946405887604,84.65139555931091,5.022017776966095,5.145949230194092,0.9289470207691193,2.439946405887604,0.4210674613714218,0.021670200563967228,2.4956251525878907,2.3127903175354003,236.4233317375183,41.33638435602188,82.7409890504662,79.75573081640151,86.16417425232422,2.329334552471454,87.25207448005676,4.297776405627911,4.760580961520855,0.8640743127235999,2.329334552471454,0.37305182218551636,0.01568448507728485,2.300997440631573,2.1194105790211606,43.95554437801261,191.52286309462326,48.2578130868765
27,0.00025,82.00566286131212,79.0121797366483,85.37149600606531,2.3215041279792787,85.08547341823578,4.916646099090576,5.03569917678833,0.907043662071228,2.3215041279792787,0.4084023344516754,0.020564199667423965,2.477568407058716,2.2790182876586913,226.20614795684816,42.43017017841339,83.02129301205069,83.63245037812803,82.65197448364441,2.0283132883218618,88.13868210865901,4.567692830012395,4.674349876550528,0.9717735327207125,2.0283132883218618,0.34416807614839995,0.016478332261053417,2.253388001368596,2.058216324219337,45.768010450116556,180.00620108384354,50.23396267340733
28,0.00025,82.25592323118967,79.72385611007394,85.07980092733537,2.2616828751564024,85.27101111412048,4.959116792678833,4.964274559020996,0.9161655759811401,2.2616828751564024,0.4071123814582825,0.02067741222679615,2.4348616123199465,2.2366580247879027,225.66351013183595,42.75289338827133,82.96426227433429,80.71628338361135,85.64908464596864,2.4147316951018114,87.6125821700463,5.774395053203289,4.7272063768827,0.8753839272719163,2.4147316951018114,0.3715537878183218,0.024340213634646855,2.2549757957458496,2.06374361881843,44.73111726678365,183.64524841308594,50.17116528290968
29,0.00025,82.51318580864266,79.72133824721062,85.6046232522975,2.206023163795471,85.24150002002716,4.986821395158768,4.8962831211090085,0.8985719680786133,2.206023163795471,0.40643213391304017,0.02108487207442522,2.4345762157440185,2.2109869480133058,225.48473949432372,43.627089500427246,83.34840421217515,85.0627837061499,81.80229716109673,1.869858741760254,87.6994999555441,3.7759335453693685,4.595249579502986,1.0198691074664776,1.869858741760254,0.33657444898898786,0.012260118427758034,2.210495453614455,2.0075531831154456,46.354696367976864,183.85843130258414,51.020205708650444
30,0.00025,82.76220669265898,80.93827207481684,84.79097503184273,2.033081431388855,85.9131611585617,4.794349026679993,4.738890981674194,0.8988300001621247,2.033081431388855,0.3938440454006195,0.019328521601855754,2.366485812664032,2.1437922143936157,216.16285972595216,45.108876168727875,83.9873809600796,86.0774382410462,82.07960253469051,1.708896591113164,89.06643665753879,4.253878616369688,4.4455694785484905,0.9704962693727933,1.708896591113164,0.3249692848095527,0.0142810084642126,2.1885941211993876,1.9761586647767286,47.69436571790172,165.34891862135666,51.38026682230142
31,0.00025,82.92793774828911,81.47426927087228,84.55401077904936,1.9183737874031066,86.70614218711853,4.745761919021606,4.6366342926025395,0.8895632541179657,1.9183737874031066,0.3857718420028686,0.0193133557587862,2.342194139957428,2.105153522491455,206.3634771347046,46.17056632041931,84.25126706981312,83.59240235849914,84.98719284876938,1.5464415871180022,89.42958070681645,4.688936311465043,4.185050615897546,0.8448012654597943,1.5464415871180022,0.32324382204275864,0.01677316943040261,2.1400321538631735,1.919154139665457,48.797769571326945,160.38599307720477,52.87365088096032
32,0.00025,83.46561532916537,81.45672778665718,85.68637683426674,1.7942211848497391,87.05188524723053,4.698131692409516,4.506752119064331,0.8587784540653228,1.7942211848497391,0.3743485820293426,0.01899278985336423,2.313177170753479,2.0655770182609556,195.5183343887329,46.88743406534195,83.55643334158223,86.13933378085557,81.25134626857471,1.9777137316190279,88.76097156451299,3.875266038454496,4.492869285436777,1.0071278397853558,1.9777137316190279,0.3260062153522785,0.011825707239600329,2.123804807662964,1.917678484549889,47.30106249196731,167.14083158052884,52.410369652968186
33,0.00025,83.45629693835926,81.24346008699254,85.8844772063432,1.8526232624053955,86.93236327171326,4.604339188337326,4.502595663070679,0.8551146948337555,1.8526232624053955,0.3772495609521866,0.018653594683855773,2.300529932975769,2.04981339931488,196.98679294586182,46.79675942659378,84.77890564210725,82.3299199397758,87.56540746772859,1.6560390454072218,89.00282382965088,4.355260454691374,4.11772344662593,0.8042676311272842,1.6560390454072218,0.3163273793000441,0.01511485487795793,2.0915440871165347,1.8743706483107347,49.21671506861401,158.5575037736159,54.086805536196785
34,0.00025,83.68741717193498,81.36476015594091,86.25036152518994,1.8023347973823547,87.58659064769745,4.538933277130127,4.393726201057434,0.8415970432758332,1.8023347973823547,0.37060984671115876,0.01794298717752099,2.2482104682922364,1.9949660253524781,190.19191074371338,48.23394423723221,85.2476660764037,83.56722121739206,87.09729855317207,1.617232927909264,89.87871912809518,4.2234578270178575,4.072863267018245,0.8129960802885202,1.617232927909264,0.3041434448498946,0.013759238072312795,2.070576493556683,1.8467831244835486,49.817285821445275,152.44898649362418,54.319540353921745
35,0.00025,83.94540294371721,82.37749278725124,85.6598063043596,1.6578549790382384,87.56224298477173,4.576887261867523,4.326189966201782,0.8460994577407837,1.6578549790382384,0.36873244762420654,0.01847445983439684,2.2353649520874024,1.9794389510154724,186.54684314727783,48.74095553159714,84.9564851582117,84.72823550313107,85.40649412829495,1.6543860985682561,89.96495054318355,4.594892034163842,4.091989773970384,0.8620786162523123,1.6543860985682561,0.31815937849191517,0.015702213160693645,2.029713199688838,1.8151341585012584,49.85832828950657,151.7447302891658,54.908348963810845
36,0.00025,84.10734105377567,81.9537406971795,86.50756006444942,1.765978422164917,87.54711866378784,4.528571701049804,4.3287899732589725,0.8257131862640381,1.765978422164917,0.37375891804695127,0.018521729186177255,2.2183843207359315,1.9690426993370056,187.56610374450685,48.84605073928833,84.7081606100756,84.46862497144281,85.04341694383909,1.5835775136947632,89.66020804185133,2.6970189695174875,4.013153828107393,0.8312987410105191,1.5835775136947632,0.3224762036250188,0.008942252992150875,2.009509618465717,1.7995143578602717,50.33379960854045,157.6212604229267,56.43018965537731
37,0.00025,84.30244628375573,82.73188775004752,86.07682967096241,1.6571397137641908,88.4175353050232,4.5885486721992494,4.192842936515808,0.8258065485954285,1.6571397137641908,0.35748084843158723,0.018164588641375302,2.1702222418785095,1.8982198596000672,175.53497066497803,50.33825546503067,85.03247839895424,86.07539476908173,84.14809704678176,1.7681706685286303,90.45286682935861,4.763491337115948,4.11076701604403,0.9129289572055523,1.7681706685286303,0.3044749486904878,0.01771372356093847,1.9772356014985304,1.765911157314594,50.598264348834206,145.3757645533635,56.93542590508094
38,0.00025,84.61248832875778,82.85520856404422,86.52698918150146,1.6874077439308166,88.2874926328659,4.414556366205216,4.197864766120911,0.8183978652954101,1.6874077439308166,0.35958926916122436,0.017271370459347964,2.161251311302185,1.9010431051254273,177.11252136230468,50.40824490785599,85.05386614804692,87.2401254065258,83.15563522965326,1.606104580255655,90.40854160602277,3.032241750221986,4.035861840614905,0.9267303210038406,1.606104580255655,0.3030798687384679,0.009506389283790039,1.9640807096774762,1.7430512446623583,51.346593157506746,142.54910909212552,57.64908675964062
39,0.00025,84.66613500734243,82.85963640750643,86.63781001905062,1.643588752746582,88.75579130649567,4.319758278131485,4.121754641532898,0.8084232211112976,1.643588752746582,0.3563272196054459,0.016627468708902596,2.125133504867554,1.8653813242912292,172.7182710647583,51.36318027973175,85.1143072206445,85.31702752230507,85.2954178954635,1.689312036220844,90.23147362929124,3.862687486868638,3.9393467536339393,0.8397995875431941,1.689312036220844,0.3033227152549304,0.012167193138828645,1.9281126260757446,1.7163062187341542,50.695814731655496,153.06713617764987,57.2755210674726
40,0.00025,84.81827924313144,82.74901291468406,87.07130078076729,1.6477781224250794,88.54495358467102,4.286320221424103,4.060147857666015,0.8003176259994507,1.6477781224250794,0.3493549484014511,0.016472023837268354,2.0995585989952086,1.8250255799293518,170.5516031265259,52.444632172584534,85.43367754707285,86.59025343689312,84.44153179035442,1.6060406886614287,90.74841508498558,3.40411520921267,3.915349685228788,0.8604427530215337,1.6060406886614287,0.29937911148254687,0.010541852491979416,1.913499034368075,1.7067572245231042,51.651642295311234,140.6613569993239,57.93468998028682
41,0.00025,85.11879198025592,83.17161553057002,87.24497295646745,1.6347092306613922,89.32036328315735,4.177277910709381,4.001660933494568,0.7889954936504364,1.6347092306613922,0.34067459166049957,0.0161678721383214,2.0749331402778624,1.7951349997520447,163.54566688537597,52.66197073459625,85.48893146619554,86.63915887281057,84.42959437771339,1.6375892070623546,90.16493146236127,3.3033485137499294,3.9151676251338077,0.8747269969720107,1.6375892070623546,0.30785017632521117,0.010361688354840646,1.892262495481051,1.6876578697791467,51.47985319045825,145.49663066864014,58.13565368835743
42,0.00025,85.18623234092874,83.31462952380598,87.22024311924321,1.6703319096565246,89.27959263324738,4.132450890541077,3.9834079551696777,0.7801458156108856,1.6703319096565246,0.33917327105998996,0.015766049418598414,2.061453104019165,1.7794728517532348,160.5473943710327,53.35009425878525,85.65657914400543,84.4771564600538,86.95209913341708,1.539766238285945,91.35350401584918,3.0990188855391283,3.7616180456601658,0.7846606144538293,1.539766238285945,0.29628914021528685,0.010128019019388236,1.8686790466308594,1.6691832909217248,52.31220458583803,140.87865536029523,59.02255590145405
43,0.00025,85.44719280049404,83.23498325611999,87.8386098130108,1.5474283707141876,89.07767426967621,4.148474669456482,3.9185343313217165,0.768751208782196,1.5474283707141876,0.3485795432329178,0.015795113816857338,2.0459905552864073,1.7717584204673766,167.7018632888794,53.28926903009415,86.09905646689309,84.75796930706233,87.56321222907924,1.5980922763164227,90.20481293018048,2.494427401285905,3.750643326685979,0.7581770007426922,1.5980922763164227,0.31121327670720905,0.00806896395694751,1.8532411777056181,1.665524409367488,52.04478149080617,146.85424181131216,58.903324604034424
44,0.00025,85.48876772845881,83.61800902549753,87.50624949200322,1.5001814913749696,89.51672518253326,4.084382694959641,3.814539523124695,0.7692667031288147,1.5001814913749696,0.33918200075626376,0.015397973842918872,2.0010848569869997,1.7075635361671448,156.13149394989014,54.87134975194931,86.42185199984418,85.99062477648161,86.91304617483547,1.3922464022269616,91.29348626503578,2.00371659719027,3.657292421047504,0.8012412786483765,1.3922464022269616,0.2981401338027074,0.006185189623815509,1.8202826059781587,1.6198694155766413,53.79851910358415,129.14008654080905,60.51543859335092
45,0.00025,85.9375888993928,83.98479897871518,88.0602641153498,1.461545696258545,89.5922794342041,4.0520934641361235,3.792517457008362,0.755677570104599,1.461545696258545,0.3338066637516022,0.015227353423833847,1.9971593880653382,1.713383445739746,156.95634956359862,54.32179009914398,86.61531850345338,84.588966324088,88.78792502817305,1.569813187305744,91.61477043078496,3.1369962027439704,3.6346777769235463,0.7319727723415081,1.569813187305744,0.28563988094146436,0.009939082181797577,1.8159866424707265,1.6091310244340162,53.47462102533586,127.53481864929199,60.3437235722175
46,0.00025,85.87464231188207,83.69238892939596,88.24846993819126,1.5532000267505646,89.87482535839081,4.008624458312989,3.7749427509307862,0.7443464314937591,1.5532000267505646,0.33369355618953706,0.015192567761987448,1.979036192893982,1.684493134021759,152.45837841033935,55.40335202217102,86.65076879100859,87.11506221840222,86.34543468024115,1.436339951478518,91.14667956645673,2.6684624759050517,3.662693610558143,0.8132604543979352,1.436339951478518,0.29445933264035445,0.008015389231821666,1.8087175717720618,1.6037296882042518,53.75250222147099,132.10792761582596,60.798302980569694
47,0.00025,86.17482620266726,84.47227293750677,87.99147899355582,1.4237542355060577,90.29711425304413,3.9493109703063967,3.6598488903045654,0.7427352368831635,1.4237542355060577,0.31973941028118136,0.014633116107434034,1.9327945733070373,1.6378051590919496,149.7160032272339,56.45956772565842,86.67575795804336,84.4320209338792,89.11303584798256,1.5171927763865545,90.96796191655673,2.2697690473153043,3.594341993331909,0.7245127008511469,1.5171927763865545,0.29532741812559277,0.007177650964317413,1.7885435544527495,1.6005017115519597,53.30297017167369,134.63386058807373,60.16156719281123
48,0.00025,86.14041355388429,83.8039487006551,88.67463756908248,1.521485835313797,90.2296906709671,3.849139076471329,3.700607442855835,0.7336686611175537,1.521485835313797,0.32926956117153167,0.014079222045838833,1.9359623193740845,1.648797047138214,146.64791717529297,56.42509400844574,86.31454087202226,87.14603349289602,85.65802212626176,1.4564440066997821,91.53139728766222,2.4220218566747813,3.6234877843123217,0.8239918167774494,1.4564440066997821,0.287235296689547,0.0074659609952225136,1.7605471152525682,1.5655756363501916,54.01921528938134,126.14676512204684,61.35536661514869
49,0.00025,86.5679784311036,84.5570514518849,88.7338100069337,1.3717498993873596,90.67165017127991,3.970797908306122,3.573950614929199,0.7211396610736847,1.3717498993873596,0.32158542454242706,0.014777807127684355,1.9061013650894165,1.6035045850276948,143.97985401153565,57.444137036800385,86.86502526576501,83.69745272825301,90.32888412727021,1.5494092244368334,91.86189770698547,2.8879378736019135,3.4928521743187537,0.6721460269047663,1.5494092244368334,0.29101427587179035,0.008507620364141006,1.7435675125855665,1.5581624783002412,54.23495771056343,124.1933195407574,61.757211501781754
50,0.00025,86.52101790677105,84.29322036547111,88.94439374232299,1.4029274630546569,90.64191484451294,3.9272916853427886,3.5611651611328123,0.7099707353115082,1.4029274630546569,0.318071072101593,0.014679465983062983,1.8920010375976561,1.5960162019729613,143.34565782546997,57.34441375732422,87.22089094432769,85.98044786215786,88.59249392907034,1.3635569994266217,92.21855860490065,1.8819540509810815,3.4538840513962965,0.7271760564583999,1.3635569994266217,0.2769351876699008,0.005938415379764942,1.7336885837408214,1.5384588149877696,55.232963123636544,117.32379803290733,62.356345928632294
51,0.00025,86.88713216296672,84.39597553397371,89.57424024184978,1.3230880844593047,91.07665550708771,3.9185324013233185,3.473213529586792,0.692092422246933,1.3230880844593047,0.30932794868946073,0.01451370371505618,1.8620517039299012,1.5673846220970153,137.9762348175049,58.227059960365295,85.52331058713149,89.60318249206018,82.00492504078878,1.8337689913236177,91.37280720930833,2.859945217004189,3.8745518097510705,0.9390480564190791,1.8337689913236177,0.29524215368124157,0.008824009412469773,1.741432630098783,1.5704873891977162,52.89400290118746,129.60800244258002,61.49239654724415
52,0.00025,86.86839425339939,85.21733286558643,88.68372080167214,1.39883128285408,90.64571392536163,3.891290456056595,3.521266026496887,0.70991330742836,1.39883128285408,0.3198615390062332,0.014586161188781262,1.8564673638343812,1.5696488833427429,142.96416034698487,58.07451391220093,87.17294625561334,85.74742076602432,88.72190294037033,1.4457363532139704,91.67578862263606,2.7774925300708184,3.4838406489445615,0.7155737234995916,1.4457363532139704,0.30013591051101685,0.008669517791041961,1.7146866688361535,1.5479673055502086,54.35055267146007,131.64431645320013,61.86319841788365
53,0.00025,87.08387408205928,84.57368533488437,89.78877177935061,1.369778138399124,90.79361164569855,3.843423253297806,3.464049344062805,0.6865850228071213,1.369778138399124,0.31427904397249223,0.014215350337326526,1.8535583376884461,1.551359438896179,138.22766017913818,58.59017312526703,87.83973624706624,87.13188417750865,88.60349325755259,1.2961553014241731,91.79900426131029,1.9897384139207692,3.3807912239661584,0.7372869253158569,1.2961553014241731,0.27552601580436414,0.0067504656930955555,1.6717507197306707,1.4992037277955275,55.70084932799648,121.81805940774771,63.209658631911644
54,0.00025,87.07125446273254,84.7367833974238,89.59521349111739,1.3303465950489044,90.57646298408508,3.768513160943985,3.415366506576538,0.6785393345355988,1.3303465950489044,0.31599279910326006,0.014067941773682834,1.8262907433509827,1.5332795691490173,139.76952543258668,58.958781719207764,87.62252380074189,86.61623964483505,88.73365483267493,1.3494998858525202,92.00661228253291,2.102828140442188,3.395149506055392,0.7139335182996897,1.3494998858525202,0.2827575837190335,0.006591689522163226,1.6719818848830004,1.513853907585144,55.61872588203207,119.30959994976337,63.23888714496906
55,0.00025,87.10113616930126,84.8600169072479,89.53769356970675,1.3643123769760133,91.27679193019867,3.8016024768352508,3.3796867990493773,0.6737706011533737,1.3643123769760133,0.3056324452161789,0.01396778916940093,1.8056596040725708,1.5027956700325011,133.85277338027953,59.43763256072998,87.62677152066469,87.07202291192684,88.26510423104317,1.1883815893760095,92.34241293026851,2.1624893752428203,3.301134934792152,0.712782240830935,1.1883815893760095,0.2777456985070155,0.006544214386779528,1.6518609890571008,1.4876573727681086,56.19107318161094,117.92642116546631,63.74326325379885
56,0.00025,87.53535247380454,85.33323805137849,89.91209049756546,1.3193558526039124,91.51975524425507,3.799527555704117,3.3481919145584107,0.6761615264415741,1.3193558526039124,0.3016541171073914,0.013934013694524764,1.7933207273483276,1.4903950023651122,131.7512402534485,59.828619718551636,86.91705669010459,86.29984237816592,87.70990516218475,1.721501267873324,90.96848231095534,2.121273015554135,3.596949210533729,0.7423684734564561,1.721501267873324,0.3100162217250237,0.006792651990858408,1.6757629559590266,1.5446173686247606,53.652724043072595,137.47553825378418,62.30925229879526
57,0.00025,87.73428817851924,85.5601598108917,90.09530133137758,1.3155251455307007,91.6704466342926,3.6970463156700135,3.2901560258865357,0.6550120157003403,1.3155251455307007,0.30327527463436127,0.01322660330682993,1.7713216900825501,1.4642878198623657,129.03205795288085,60.651447772979736,88.26275204440893,85.64867106018087,91.06643384254423,1.31864588535749,91.83818743779109,1.9198686572221608,3.2957411912771373,0.637080178811,1.31864588535749,0.29509291167442614,0.005639922196188798,1.632665047278771,1.5087127960645235,55.63605295628712,125.73367522313045,63.0444755920997
58,0.00025,87.65513302817708,85.2231189462188,90.27576473375736,1.341505320072174,91.07850706577301,3.6334617674350738,3.298271656036377,0.6490784919261933,1.341505320072174,0.3076076751947403,0.013050280176103116,1.7662051844596862,1.4685779905319214,132.2987518310547,60.70196342468262,87.89379048093981,87.97721052792242,87.91005937102878,1.330423300082867,92.55440831184387,1.986089050769806,3.35169478563162,0.7523499360451331,1.330423300082867,0.270101744395036,0.006157964038161131,1.6190741979158843,1.4621915817260742,56.54973722309558,113.47132022564227,64.8450296658736
59,0.00025,87.73018072561564,85.22253373705864,90.4476165430668,1.3710389041900635,91.4416652917862,3.702266013622284,3.2830683374404908,0.6426927673816681,1.3710389041900635,0.30699957817792894,0.013460489418357612,1.746988217830658,1.4558518838882446,132.59337368011475,60.8401575088501,87.94984200385761,86.76483047091406,89.20741804608882,1.3685606901462262,91.84340742918161,1.5925055684951634,3.336564064025879,0.7113088782017047,1.3685606901462262,0.2888680455776361,0.004918465068420539,1.610784154671889,1.4711206417817335,55.81388011930719,123.71028129871075,63.92899935062115
60,0.00025,88.06531074774435,85.91904256148484,90.35438052184536,1.2475778210163115,91.34037435054779,3.6320488154888153,3.2257097005844115,0.6433719557523727,1.2475778210163115,0.30496618688106536,0.013176783043891192,1.7384293818473815,1.4453091144561767,130.1298215866089,61.134397149086,88.48386053177585,86.2057166053034,90.93825153198807,1.2526459052012517,92.65558994733371,1.9302682693188007,3.1906353877140927,0.6408891127659724,1.2526459052012517,0.2643277771197833,0.005754564709674854,1.600446260892428,1.4476787493779109,56.708196643602044,113.39880796579214,64.22015978739812
61,0.00025,88.3642566360792,86.16980107691312,90.7463928126447,1.2499929344654084,91.9952951669693,3.6313300490379334,3.145322060585022,0.6250025063753128,1.2499929344654084,0.290186949968338,0.013249601405113935,1.7115564513206483,1.3998528003692627,120.60630102157593,62.27372610569,88.03960503041493,88.24269550274941,88.00106738912578,1.4499894288870006,92.50743022331825,1.7770200280042796,3.3531058384821963,0.7506226163644057,1.4499894288870006,0.26502882402676803,0.0057719753553661015,1.5819408801885753,1.4370321493882399,56.210020505613116,115.00016395862286,64.52643000162564
62,0.00025,88.27724219468732,85.89507187615915,90.8554103413091,1.2615398848056794,92.3995041847229,3.6330727219581602,3.0994867753982542,0.6155208343267441,1.2615398848056794,0.28179929077625276,0.013093076460063458,1.686025836467743,1.3718694043159485,115.65776596069335,63.20236396789551,88.00212782412852,88.92441425176534,87.2357711597569,1.5237210072003877,92.39327036417447,2.1489489880891948,3.4505492540506215,0.8010841012001038,1.5237210072003877,0.2671459363057063,0.00649130605877592,1.5863126791440523,1.4534772817905133,55.83852152235606,115.99359622368446,64.09470599431258
63,0.00025,88.60944131899278,86.4711141647801,90.89950053709343,1.1834169900417328,92.65832018852234,3.7094239234924316,3.048058314323425,0.6081435179710388,1.1834169900417328,0.28094114661216735,0.013521969132125378,1.6677997899055481,1.361055190563202,116.46586256027221,63.1819531917572,88.68246678756958,87.77325184861579,89.67467345926795,1.1284814752065218,92.89528269034166,1.7967292207937975,3.156728194310115,0.6830892883814298,1.1284814752065218,0.2572874633165506,0.00530133365940016,1.5660250278619618,1.4274562826523414,57.60421538706403,106.88238070561336,65.2259845000047
64,0.00025,88.5130043681372,86.01359965194665,91.2075759395178,1.2347619223594666,92.22319746017456,3.6838849067687987,3.0763195991516112,0.6037080299854278,1.2347619223594666,0.2944690841436386,0.013500837907195092,1.663073925971985,1.3718634092807769,122.40594339370728,63.089388370513916,87.95304045482848,84.55097347728253,91.67433677806184,1.5984537601470947,92.2572897030757,1.9249379405608544,3.30248289841872,0.6157908829358908,1.5984537601470947,0.2753784175102527,0.006060007279022382,1.5809988058530366,1.4622880495511568,55.59559732025242,119.36422641460712,64.1725297157581
65,0.00025,88.73619858010096,86.19770348983322,91.48349162868,1.2482082891464232,92.53327405452728,3.590638828277588,3.025285801887512,0.587361404299736,1.2482082891464232,0.28563075959682466,0.0128189099393785,1.648592278957367,1.3430358576774597,117.04928951263427,63.6708859205246,88.81527402892631,87.58552848529222,90.11256076874214,1.1767442455658546,92.57483344811659,1.7611420383820167,3.2008360899411716,0.6880163458677439,1.1767442455658546,0.26460889211067784,0.0053382376208901405,1.567063808441162,1.4446308337725127,57.03659432276082,114.76581793565016,64.50938628270076
66,0.00025,88.8130385196492,86.67454043282129,91.1384401673323,1.1793221402168275,92.60077476501465,3.5835880756378176,2.963132462501526,0.5970178985595703,1.1793221402168275,0.2765033367276192,0.012894342541694642,1.6285909295082093,1.3081284046173096,113.4719102859497,64.46581315994263,88.98753727147003,88.48689023551358,89.53008865086561,1.0413099023012014,93.23107600212097,1.6224082616659312,3.1069979667663574,0.6933854359846848,1.0413099023012014,0.2576775470605263,0.004915275628893421,1.5331253363535955,1.4083419900674086,58.398034363560214,105.16669273376465,66.42294205152072
67,0.00025,89.25097622178498,87.11405674174765,91.53691771174375,1.1159870898723603,92.7545679807663,3.558525937795639,2.917165951728821,0.57311552464962,1.1159870898723603,0.2821267691254616,0.012791455071419478,1.6141833758354187,1.3096954703330994,111.79913425445557,64.59547829627991,89.45862081082474,89.46928949116206,89.52769753227471,1.0942511558532715,93.29955394451434,1.9177754681843977,3.1450298566084642,0.7203500133294326,1.0942511558532715,0.24832597718789026,0.005753043179328625,1.5341037236727202,1.4033794494775624,58.588375301632155,101.98697640345647,66.5482942874615
68,0.00025,89.19480662495353,87.16850056911044,91.37836633020105,1.1231744766235352,92.93179726600647,3.542094910144806,2.902798457145691,0.5798040521144867,1.1231744766235352,0.2750844147801399,0.01268783187493682,1.6027226495742797,1.29315358877182,113.36237745285034,64.70306873321533,88.80595685894251,86.2731311459065,91.52118411353256,1.362883521960332,92.7874519274785,1.721180035517766,3.1824436554541955,0.6211611032485962,1.362883521960332,0.266311818590531,0.005137099311328852,1.542957562666673,1.4344933032989502,57.000779063915644,111.24595642089844,65.11186773960407
69,0.00025,89.33404843837702,86.9127973431502,91.93427284311507,1.1079058098793029,92.49750924110413,3.7075880110263824,2.890030651092529,0.5609318149089814,1.1079058098793029,0.284856461584568,0.013421550150960684,1.6031481909751892,1.3008720779418945,113.22811508178711,64.61776053905487,89.0289360968149,89.20399976844263,88.88030297509967,1.1794652663744414,92.49102106461159,1.9105779436918406,3.2316247866703915,0.7260835881416614,1.1794652663744414,0.2652126160951761,0.0058766207299553435,1.5420303161327655,1.4417536717194777,57.83838459192053,110.33414547259991,66.26753898767325
70,0.00025,89.38071043407392,87.18185832044942,91.72881344241443,1.087612854242325,92.68863260746002,3.631727510690689,2.8553234100341798,0.5605776315927505,1.087612854242325,0.2805461299419403,0.013084073029458522,1.5825036358833313,1.2823787093162538,113.05328722000122,64.85082972049713,89.04017185756629,87.46016706925546,90.73784708854467,1.1816162971349864,92.610731950173,1.6538321054898775,3.1516049091632548,0.6482278475394616,1.1816162971349864,0.26770012424542355,0.005079156002746179,1.5407500450427716,1.4392545406634991,57.32934138540293,112.17327044560359,64.90094386614285
71,0.00025,89.70943159237493,87.34360457935527,92.23831428713952,1.0300464642047882,93.11296248435974,3.5557549238204955,2.790573740005493,0.5466599971055984,1.0300464642047882,0.2730966526269913,0.013032294306904078,1.570430052280426,1.260071349143982,105.64610433578491,65.5109852552414,89.00810897766064,87.95867516021055,90.1645768601271,1.2688485842484694,92.68792638411888,1.7691207963686724,3.21058359512916,0.6946914998384622,1.2688485842484694,0.26198291090818554,0.005265193400331414,1.5283636496617243,1.4272272220024695,57.3711541583555,109.94308765117938,65.3541977588947
72,0.00025,89.68194530408569,87.58642143917903,91.90605117351619,1.0684353172779084,93.25582528114319,3.509768748283386,2.808295016288757,0.5504491931200027,1.0684353172779084,0.26807813853025436,0.01266837665811181,1.5704599738121032,1.2613767337799073,104.57043857574463,65.54289138317108,89.65068982412075,88.6558707049005,90.80694142279027,1.1999899332339947,92.92826239879315,2.1291936933994293,3.0728577100313625,0.6412956301982586,1.1999899332339947,0.2478725680938134,0.006129589361640124,1.4912109741797814,1.385435755436237,58.32919211176109,104.66940989861122,66.58613223295946
73,0.000125,89.73217765907425,87.55454900262188,92.05740247175945,1.1485218155384063,93.21474516391754,3.5285809516906737,2.811021337509155,0.5508773666620255,1.1485218155384063,0.26482452154159547,0.01259874301031232,1.5520477724075317,1.2435558879375457,106.18939027786254,66.14093506336212,89.35634894266228,89.97412834332256,88.80655816436469,1.2084390887847314,93.08169392439035,2.0778215046112356,3.2146616899050198,0.744859727529379,1.2084390887847314,0.2641849873157648,0.006465543419695818,1.5036688217749963,1.4099870324134827,58.1156066672389,109.39374630267804,66.67227653356699
74,0.000125,90.46545626972816,88.5155883601041,92.54801191149454,0.9289561820030212,93.95696878433228,3.443040943145752,2.6179638957977294,0.5223582130670548,0.9289561820030212,0.25443911492824556,0.012446100115776062,1.501722402572632,1.1806245386600493,95.79671211242676,67.79678249359131,89.65854773166068,89.3766988878567,89.97709615293164,1.0671232801217299,92.82171176030086,1.6058610379695892,3.100574089930608,0.6777864694595337,1.0671232801217299,0.26341874438982743,0.005143240398655717,1.4917934582783625,1.4143527562801654,58.49468311728759,109.22649273505577,66.63815608391396
75,0.000125,90.46111802667338,88.35185857003046,92.69682141099891,0.914877119064331,94.19755578041077,3.4579422771930695,2.585482997894287,0.5068285375833511,0.914877119064331,0.2557822260260582,0.012257097810506821,1.4813142466545104,1.1738139271736145,95.35133275985717,67.96288347244263,89.93919769434758,89.2057814996922,90.71557211632492,0.9436469215613145,93.85797656499423,1.595470320719939,2.9411272819225607,0.6423166073285617,0.9436469215613145,0.24142663524701044,0.004774259582448464,1.4515354541631846,1.35748906318958,59.86669239601589,95.30331024756798,68.08097775165851
76,0.000125,90.62116145629386,88.72600403831088,92.62351398313466,0.8729766476154327,94.4070154428482,3.4548668026924134,2.4888995361328123,0.4956397646665573,0.8729766476154327,0.24392223209142685,0.012234623190015554,1.4498828220367432,1.1220916187763215,88.89050064086913,69.57593274116516,89.86230671020614,89.23104173307456,90.539759893243,1.0231464367646437,93.54479083648094,1.5400960239080281,3.034823491023137,0.6883659179394062,1.0231464367646437,0.24681845651223108,0.004700572767223303,1.4609220669819758,1.3715566992759705,59.37778020561185,99.48144729320819,67.65495676260728
77,0.000125,90.739027716812,88.79786425403913,92.79409165099857,0.837830251455307,94.29724895954132,3.4539312541484835,2.4887581968307497,0.5013272374868393,0.837830251455307,0.24585853964090348,0.012113039754331112,1.4552808451652526,1.126283209323883,90.65998802185058,68.96652901172638,89.64242828998387,88.56715914630689,90.76474447265537,1.017285379079672,93.20360743082486,1.6619311731595259,3.001910631473248,0.6468634376159081,1.017285379079672,0.2517056854871603,0.004849784935896213,1.45973186309521,1.3797831443639903,58.94577229696669,104.79200033041147,67.17711136891292
78,0.000125,90.83847693178969,88.94668226551448,92.84334424305291,0.862973405122757,94.13640904426575,3.4395274341106417,2.4908621215820315,0.4894163447618485,0.862973405122757,0.24603953450918198,0.012122445311397313,1.4595023107528686,1.1298934841156005,90.22451486587525,69.26585876941681,89.9352112693153,89.38972576022766,90.53070028577594,1.032247020648076,93.54517001372118,1.739044556250939,3.035325967348539,0.6771928805571336,1.032247020648076,0.2456111747484941,0.005450277947462522,1.455677160849938,1.3795823684105506,59.4179684019674,99.76816434126634,67.80176758766174
79,0.000125,90.981047022765,88.94818366544195,93.12533020081896,0.8233766639232636,94.62739312648773,3.456494617462158,2.4319071102142336,0.4780282115936279,0.8233766639232636,0.2413058188557625,0.012337870113551617,1.4331826949119568,1.1069431293010712,86.48008041381836,69.56744241714478,90.0269790974275,89.4105163575899,90.68573278134068,0.9528406445796673,93.33372024389413,1.6536166003117194,2.985452596957867,0.6607744510357196,0.9528406445796673,0.2500435755803035,0.005314858701939766,1.4517793655395508,1.3747968948804414,59.67901492891344,98.77987531515268,67.96559599729684
80,0.000125,91.0420542150184,88.74945010231536,93.47817951493424,0.855101135969162,94.67613053321838,3.4698049545288088,2.416539525985718,0.46874082028865816,0.855101135969162,0.2406791242957115,0.012663090266287327,1.420999994277954,1.0947040522098541,85.2063422203064,70.26318633556366,90.01488294816342,90.35025540477696,89.70940625556406,0.9825348716515762,93.75322736226596,1.5873117057176738,3.0495947874509373,0.7218431280209467,0.9825348716515762,0.24016530811786652,0.005183275878572693,1.4452365453426654,1.3714561370702891,59.783181734768455,96.92925453186035,68.15703694637006
81,6.25e-05,91.19091542972474,88.98889447078083,93.52476534832911,0.8132934045791625,94.74694061279297,3.4287674337625504,2.382028565406799,0.4692296940088272,0.8132934045791625,0.23513731837272644,0.012392983585596085,1.4098500609397888,1.0805583775043488,84.3907036781311,70.28239643573761,90.00954193538918,89.74102106425863,90.32781416538613,1.006268051954416,93.43080795728244,1.8173409539919634,3.031860589981079,0.685460810477917,1.006268051954416,0.24723214828051054,0.005556186446203635,1.4377573453463042,1.3800806540709276,59.64469852461459,99.71692562103271,68.26625420497014
82,6.25e-05,91.14856003560692,89.26927861349726,93.13461443735194,0.7627694135904313,94.78639936447144,3.480525070428848,2.3295078229904176,0.4643423479795456,0.7627694135904313,0.23372051179409026,0.012530094925314188,1.3911301970481873,1.058933299779892,82.49111099243164,71.05584502220154,90.30689772795813,90.06225057077039,90.58581174009117,0.9425911078086266,93.40874736125653,1.5559954712024102,2.9990359453054576,0.6863561089222248,0.9425911078086266,0.2464029055375319,0.0048568847660834975,1.4281536249014049,1.3724084634047289,59.71411200405072,101.19946076319768,67.89939678632297
83,6.25e-05,91.50692247520233,89.54482623280506,93.58163678746517,0.7216135227680206,94.8471851348877,3.4726009726524354,2.2957583403587343,0.45411225616931916,0.7216135227680206,0.2320658576488495,0.012464406434446573,1.384569137096405,1.0527178382873534,81.10997619628907,71.36255896091461,90.26912878765081,89.39759109154025,91.19559857996306,0.9392397312017587,93.66649389266968,1.5914329771812146,2.981385872914241,0.6756520821497991,0.9392397312017587,0.2428048585469906,0.004846626391204504,1.4248867768507738,1.368743502176725,60.16657488288867,95.25206712576059,68.63241012279803
84,6.25e-05,91.54474129104348,89.61389952473917,93.58095614504765,0.7166444426774978,95.063960313797,3.4086890876293183,2.27218309879303,0.4468933343887329,0.7166444426774978,0.2301763755083084,0.012117417603731155,1.374715359210968,1.042551965713501,79.02834520339965,71.30454277992249,90.14821071827602,89.02179308932185,91.34622821795324,0.9361733381564801,93.5964272572444,1.5380677007711852,2.9546908048483043,0.6625020320598896,0.9361733381564801,0.235643581702159,0.004685854700465615,1.4266065909312322,1.3592840341421275,60.07155731544974,94.74129640139066,68.43294226206265
85,6.25e-05,91.5831733034929,89.49980747964713,93.78505790461348,0.7120933204889297,95.09297931194305,3.442081183195114,2.2582524180412293,0.4433833611011505,0.7120933204889297,0.22767868638038635,0.012319725472480059,1.3650003600120544,1.0371971666812896,78.04819059371948,71.7087550163269,90.19777459041771,89.18314057281357,91.26798720237,0.9039939000056341,93.58766720845149,1.6365892612017119,2.957232897098248,0.665050589121305,0.9039939000056341,0.24081595127399152,0.005036884059126561,1.426866182914147,1.3677005217625544,60.16546533590789,95.87562964512752,68.58161045954778
86,6.25e-05,91.70003966461874,89.64731378453402,93.86437036505987,0.7211150538921356,95.35830521583557,3.43225434422493,2.236016595363617,0.43742436707019805,0.7211150538921356,0.22642860174179077,0.012144516482949256,1.3574157691001891,1.0225034403800963,76.1713436126709,72.22429859638214,90.11313236208231,88.7908557966153,91.50691228550714,0.8757451497591459,93.73475588285007,1.5730753254431944,2.92499487216656,0.6411157502577856,0.8757451497591459,0.23887195380834433,0.005009726979411566,1.42275293973776,1.370034479177915,60.38051608207071,94.29970998030443,68.9330843778757
87,6.25e-05,91.7455027073221,89.71078910332082,93.88984393429817,0.6770971614122391,95.26036548614502,3.470329004526138,2.2132614636421204,0.438747838139534,0.6770971614122391,0.22699723303318023,0.012604558821767569,1.3501337945461274,1.016318703889847,75.56225867271424,72.55371797084808,90.35994678422195,89.52140778388375,91.23684038664592,0.8660170160807096,93.65802636513344,1.6549477095787342,2.9369180385883036,0.6621270363147442,0.8660170160807096,0.23568231669756082,0.004973700699897913,1.422644541813777,1.3658541028316205,60.214070588055264,96.79737934699425,68.40282678604126
88,6.25e-05,91.70258525025604,89.79036934345277,93.71563120394381,0.686816327571869,95.42641913890839,3.4206784546375273,2.2229214882850648,0.4385422533750534,0.686816327571869,0.22678704917430878,0.012134019117802382,1.3563919734954835,1.0207757103443145,77.1089002609253,71.98494374752045,90.26639945959231,89.6718713797401,90.90135014355994,0.8957446630184467,93.62214987094586,1.6549655909721668,2.9689730130709133,0.6736095272577726,0.8957446630184467,0.24132111553962415,0.004836920398072555,1.4235018262496362,1.3732673663359423,60.22537379599616,97.07244432889499,68.73237123856178
89,6.25e-05,91.9236460436373,90.14533969722952,93.78985201473408,0.6867342531681061,95.40132653713226,3.4291735768318174,2.2134807920455932,0.4362466090917587,0.6867342531681061,0.22363443195819854,0.012317307889461518,1.3547660207748413,1.01561133146286,75.45523052215576,72.4964610338211,90.24148098158322,89.54877956840657,90.96970096120481,0.8902764962269709,93.80594033461351,1.5698731060211475,2.961328359750601,0.6743978972618396,0.8902764962269709,0.23927428401433504,0.00486614193337468,1.4213274717330933,1.3685333270293016,60.389577779632376,93.74195172236516,68.8450588629796
90,6.25e-05,91.862318411952,89.85745381334917,93.96906565502664,0.6716510820388794,95.32230079174042,3.38658954501152,2.1935088729858396,0.42412385463714597,0.6716510820388794,0.22502271741628646,0.011884266436100006,1.3540459275245667,1.013430416584015,75.08146629333496,72.44685280323029,90.59350764723278,89.55455342697769,91.6862713356,0.833243347131289,93.82610045946561,1.5853071671265822,2.9186303248772254,0.6511231225270492,0.833243347131289,0.2399849914587461,0.004919075013066714,1.4181065926185021,1.369391537629641,60.46986455173907,95.00795767857478,68.50147889210628
91,6.25e-05,91.9023362185075,89.78654406361893,94.13314384072291,0.6721403276920319,95.36280739307404,3.3950977444648744,2.169603705406189,0.42378245294094086,0.6721403276920319,0.21781059235334396,0.0121190476231277,1.3316271567344666,0.9985506153106689,75.00283479690552,72.88635194301605,90.48969044360372,89.92967145663235,91.0909200871866,0.8698391180772048,93.7731385231018,1.592036967094128,2.9433386142437277,0.6647451474116399,0.8698391180772048,0.24083480926660392,0.004906507173123268,1.4161205750245314,1.368147781262031,60.39837044120713,94.43842374361478,68.57742208700914
92,6.25e-05,91.80115804952787,89.87927912830435,93.82741617578532,0.6838595563173294,95.33520197868347,3.4534550845623015,2.169933841228485,0.42636676132678986,0.6838595563173294,0.22375879526138306,0.012389592416584492,1.324376447200775,0.993426023721695,75.68483986854554,72.77649176120758,90.40075775412727,90.12778790896397,90.72861500448606,0.9332611148173993,93.9188003540039,1.5389262369045844,3.0114457240471473,0.700466302724985,0.9332611148173993,0.24205003678798676,0.004799797557867491,1.4211120238670936,1.375621231702658,60.27590380570632,95.2552501971905,68.69967029644893
93,6.25e-05,92.0057539824833,89.82122952595839,94.31829188531181,0.6553276830911636,95.33418786525726,3.451432299613953,2.1469841241836547,0.41608594715595243,0.6553276830911636,0.22229415625333787,0.012325367964804173,1.3296783995628356,0.990561535358429,75.1901551246643,72.95554339885712,90.45722180495801,89.62459560641553,91.33639333818572,0.9018227182901822,93.82034540176392,1.57442284318117,2.965910104604868,0.6852330565452576,0.9018227182901822,0.23674270739922157,0.004722732907304397,1.4094078357403095,1.362386969419626,60.52709118307411,92.75561185983511,69.00018270199115
94,6.25e-05,91.93619825395157,89.95985270630705,94.01194973991198,0.6709758871793747,95.23249661922455,3.4659105241298676,2.1573259973526,0.4205188602209091,0.6709758871793747,0.22461122900247574,0.01249361913651228,1.3276082730293275,0.9908524191379547,74.75978293418885,73.00185251235962,90.53298034711776,90.1055913586518,91.00420415299646,0.866006117600661,93.6554505274846,1.5897789712135608,2.958926879442655,0.6708363661399255,0.866006117600661,0.24227591661306527,0.004942696272897033,1.4173792875730074,1.3767239038760846,60.31046120652069,97.35299293811505,68.54418286910423
95,6.25e-05,92.21111692040213,90.27224258074834,94.2558953627399,0.660463935136795,95.59102511405945,3.4327228128910066,2.1275112867355346,0.41280960440635683,0.660463935136795,0.22078634113073348,0.012134499456733465,1.3221091413497925,0.9771110677719116,72.39664077758789,73.56605219841003,90.46457479679331,90.11295124410888,90.86124843920173,0.9312426218619714,93.87447100419264,1.5692908259538503,3.014487468279325,0.7007541197996873,0.9312426218619714,0.24138397436875564,0.004894326691730664,1.419047516125899,1.3789443786327655,60.37995334060607,94.80854694659894,68.9003178706536
96,6.25e-05,92.17332967971491,90.16010367321273,94.29730360056128,0.655026171207428,95.54305756092072,3.4384112536907194,2.1364457392692566,0.4153882122039795,0.655026171207428,0.22018082886934282,0.012259782999753952,1.3216781115531921,0.9841454756259919,72.71513919830322,73.22900605201721,90.74656604325567,90.195193061845,91.33426685492428,0.8690053637211139,93.7494158744812,1.5434015484956594,2.976690127299382,0.6832045843968024,0.8690053637211139,0.2425452722952916,0.00472536740394739,1.4166136934207036,1.380463930276724,60.51425623886926,96.6529160279494,68.83652806282043
97,6.25e-05,92.31127020512706,90.42258309766737,94.29821900652965,0.660523806810379,95.58513486385345,3.408453071117401,2.1325406336784365,0.4154801541566849,0.660523806810379,0.22174350321292877,0.012215783093124629,1.3179034829139709,0.9795871090888977,72.77608861923218,73.65514481067657,90.45461239329626,90.1405582589546,90.79938253523356,0.9255398557736323,93.89850864043602,1.6420164016576915,3.0040643215179443,0.6940509906181922,0.9255398557736323,0.23945452846013582,0.005123209351530442,1.4191319483977098,1.3777769712301402,60.457539242275246,93.9521756538978,69.02948526235727
98,6.25e-05,92.20730839724034,90.11617421265066,94.41179580890403,0.687118508219719,95.54429948329926,3.46290163397789,2.1165311121940613,0.41355778634548185,0.687118508219719,0.2191740381717682,0.012397342808544636,1.2989726066589355,0.9636441671848297,71.36127347946167,73.82666456699371,90.51476713624514,89.7985387449785,91.26991552687862,0.8721963854936453,93.8542407292586,1.6954755209959471,2.975425830254188,0.6845178512426523,0.8721963854936453,0.2406113205047754,0.0051037369367594905,1.41420644063216,1.3780457056485689,60.580074408659165,92.6560141490056,68.92379659872789
99,6.25e-05,92.27371469809705,90.38927734522699,94.2500514937379,0.6445907127857208,95.61033594608307,3.4685040533542635,2.0969779682159424,0.4090511202812195,0.6445907127857208,0.22194177359342576,0.012306818682700395,1.2989505887031556,0.9630668628215789,70.1889148235321,73.87281584739685,90.63014358332225,90.16140179268797,91.16159004012181,0.8908419838318458,93.93176436424255,1.658650441811635,2.966872820487389,0.681868660908479,0.8908419838318458,0.23671530416378608,0.005254615420618882,1.4138776430716882,1.368366580743056,60.71637585811097,91.84994954329271,69.20789755307712
100,6.25e-05,92.29245892735757,90.24603538193209,94.44751297329333,0.6518379205465317,95.58910071849823,3.4220321387052537,2.0824236154556273,0.401039827466011,0.6518379205465317,0.21837197601795197,0.012287325002253055,1.3043489265441894,0.9551990246772766,70.62503776550292,74.12868964672089,90.87011568878664,90.70441572492837,91.07321194672184,0.8857401288472689,93.88658541899461,1.6265076398849487,2.9830932983985314,0.6947319232500516,0.8857401288472689,0.23744202118653518,0.004949041033306947,1.4097164594210112,1.3732756467965932,60.78237581479421,93.30399109767033,69.26029186982375
101,6.25e-05,92.29588620195095,90.40855173982455,94.27491294902582,0.6396705394983292,95.776407122612,3.4244649052619933,2.068787441253662,0.40420250833034516,0.6396705394983292,0.21396183252334594,0.012304212097078562,1.2856684827804565,0.9485944032669067,68.11282439231873,74.41426086425781,90.76537950457336,90.54071098477837,91.02488195930992,0.85429447889328,93.8655082996075,1.6406713655361762,2.9907282315767727,0.7002454858559829,0.85429447889328,0.23959754980527437,0.005139362281904771,1.4127990282498872,1.3833103592579181,60.84131746729709,93.49096151498648,69.37781480642465
102,6.25e-05,92.27898248666428,90.23733274974886,94.43197969273777,0.6322691321372986,95.74369525909424,3.40124688744545,2.060479986667633,0.40549703359603884,0.6322691321372986,0.2134549644589424,0.01214957443997264,1.2825956654548645,0.9433738970756531,69.1943428993225,74.40192115306854,90.52895755032303,89.95687101421238,91.13862286313385,0.8497619032859802,93.75220262087308,1.6359848242539625,2.9750347320850077,0.6900877173130329,0.8497619032859802,0.23872293188021734,0.005101323378487275,1.409193726686331,1.3807722605191743,60.67585681951289,93.91668906578651,69.18378609877367
103,6.25e-05,92.46175054058779,90.61211881177525,94.40617825606411,0.6021318972110749,95.8512853384018,3.482261472940445,2.0430530762672423,0.3998803812265396,0.6021318972110749,0.21406608134508132,0.012588911857455969,1.289431436061859,0.9410076797008514,69.27319540977479,74.30444121360779,90.74689362339589,90.756664162338,90.8003666604803,0.9119712389432467,93.74185892251822,1.685949621292261,3.0065168050619273,0.6928370640828059,0.9119712389432467,0.2425683564864672,0.00534232512402993,1.4118356613012462,1.3854503998389611,60.76501176896805,92.47543041522687,69.46261708553021
104,6.25e-05,92.39290899874207,90.4873620284736,94.3938421047881,0.6417764776945114,95.60760974884033,3.4472521543502808,2.0650420498847963,0.39637511372566225,0.6417764776945114,0.2207101258635521,0.01235640062019229,1.2863734436035157,0.9501309466361999,69.25512323379516,74.27330732345581,90.54624100495994,90.09188415049175,91.03873509215016,0.9578058261137742,93.90475520720848,1.7094489244314341,3.035363013927753,0.7038777218415186,0.9578058261137742,0.24176444227878863,0.005352995143486903,1.4129034464175885,1.3868741668187654,60.472022082913966,93.29874185415414,69.11545304151682
105,6.25e-05,92.54443470938578,90.49227093495472,94.70577159288574,0.6254524755477905,95.78843414783478,3.4507991135120393,2.0412393498420713,0.3918057680130005,0.6254524755477905,0.2149951097369194,0.012438964862376452,1.2784427046775817,0.9411248326301574,67.99210872650147,74.48449766635895,90.71443616460297,90.28590274079508,91.17166657987788,0.8908539781203637,93.9365253998683,1.6608594701840327,2.997729961688702,0.6913282229350164,0.8908539781203637,0.2401305643411783,0.005282344708505731,1.4103195071220398,1.3862135272759657,60.69216032796405,93.68341042445256,69.2105953509991
106,6.25e-05,92.44041270165827,90.47680495053436,94.51083332089873,0.6783913218975067,95.8745995759964,3.47715882062912,2.0606593799591066,0.3936660498380661,0.6783913218975067,0.2170727887749672,0.012517243418842553,1.2789928388595582,0.9398664557933807,68.80654864311218,74.61774563789368,90.58539665292876,90.14697780981398,91.0495807961786,0.9051827650803786,93.68451512776889,1.6469853657942553,3.021821847328773,0.7087976519878094,0.9051827650803786,0.24007665996368116,0.005147620713194976,1.411856738420633,1.3873283496269813,60.50060831729253,94.63279834160438,69.02561921339769
107,6.25e-05,92.45925631771048,90.53046526403894,94.48512703700968,0.616202180981636,95.76293408870697,3.4500043988227844,2.0294325661659243,0.3937428766489029,0.616202180981636,0.2147558742761612,0.012360371239483357,1.2677527928352357,0.9342042195796967,67.99700527191162,74.65453040599823,90.5287044364509,89.63081934587514,91.47905915127953,0.8505614812557514,93.99058681267958,1.678431022625703,2.95290992810176,0.6786167415288779,0.8505614812557514,0.23591230465815619,0.005224093114240811,1.4037616803095891,1.3730141382951002,60.89532183564054,90.88805198669434,69.49400764245253
108,6.25e-05,92.49025632336142,90.5257209840275,94.55603381941765,0.617209969162941,95.84549164772034,3.443340593576431,2.0105871200561523,0.38648373425006866,0.617209969162941,0.21663258105516434,0.01229475524276495,1.2631572210788726,0.9247191286087036,66.24865441322326,74.9803980588913,90.5925587042597,90.29034865845955,90.93883990092382,0.8648622311078585,93.6402495090778,1.6291634279948015,3.0137772743518534,0.7042964100837708,0.8648622311078585,0.24091379802960616,0.005154423487301056,1.4148252789790814,1.3955002656349769,60.48017112418736,96.29452998821552,68.88219760014461
109,6.25e-05,92.63971845254619,90.66010458728911,94.72055916823344,0.6314297831058502,95.86015474796295,3.464068442583084,2.010951337814331,0.384071478843689,0.6314297831058502,0.2137674644589424,0.012432094924151897,1.2643924307823182,0.9231341671943665,67.72399487495423,75.12878489494324,90.72863986585477,90.5760437117509,90.91621176526986,0.8965052503805894,93.82005288050725,1.7156103597237513,3.0417819573329044,0.7274295183328482,0.8965052503805894,0.23670337521112883,0.005230338348505588,1.4101282083071196,1.3918026043818548,60.76146788260678,93.24959864983192,69.43062177071205
110,6.25e-05,92.62395096129069,90.73782639061913,94.60455443715472,0.6343159699440002,95.8606743812561,3.4691301822662353,2.0077650642395017,0.386683007478714,0.6343159699440002,0.21242078006267548,0.01243746928870678,1.2529408144950867,0.9195930063724518,67.2944724559784,75.09491920471191,90.70006823107823,90.4927524593567,90.95868651341219,0.9073436581171476,93.89571364109332,1.6921550723222585,3.025450743161715,0.7091105901277982,0.9073436581171476,0.23788943886756897,0.005133977661339136,1.410305266196911,1.3900867196229787,60.641862709798694,90.98163934854361,68.96003347176772
111,6.25e-05,93.01497410188337,91.13076897474461,94.99106997452677,0.6182665926218033,95.99982178211212,3.466810154914856,1.9876026439666747,0.37773597955703736,0.6182665926218033,0.21284435659646989,0.012472198233008385,1.2568452215194703,0.914200804233551,65.921475315094,75.27560937404633,90.78563736760518,90.32893727188994,91.2758914372028,0.845250652386592,93.93253601514377,1.74830545599644,3.0079969626206617,0.7088550948179685,0.845250652386592,0.2389809901897724,0.005475584936972994,1.4122838194553669,1.393296750692221,60.88997037446785,93.03127252138577,69.40170985001784
112,6.25e-05,92.7664242137406,90.88655006931002,94.74039436700109,0.6083294498920441,95.96204555034637,3.432918447256088,1.9809734368324279,0.37934191584587096,0.6083294498920441,0.21227470755577088,0.012282210048288106,1.2480434238910676,0.9118300831317901,65.27977180480957,75.29800868034363,90.53299480881651,89.6929419116828,91.42330163957544,0.8738565903443557,93.99474400740404,1.6759192828948681,2.999749330373911,0.6922569137353164,0.8738565903443557,0.24003460315557626,0.004996900428802921,1.4071120207126324,1.3926781874436598,60.848242131707714,92.61973747840294,69.63520233447736
113,3.125e-05,92.58311359011115,90.64444856474509,94.62090491755337,0.6133576691150665,96.058953166008,3.4486451923847197,1.9676814460754395,0.3814120936393738,0.6133576691150665,0.21111070841550827,0.012273817490786314,1.242945909500122,0.898606698513031,63.09982228279114,75.8922711610794,90.59075718627095,89.89849582721624,91.3193056925382,0.8666932674554678,93.73871729924129,1.6231357822051415,3.008495330810547,0.7037020463209885,0.8666932674554678,0.23949439709003156,0.004984665017288465,1.4045898089042077,1.393030666387998,60.748094293819804,94.06530416928805,69.43988570800194
114,3.125e-05,92.89635497660564,90.95949068743998,94.93101975453328,0.5791173255443574,96.09779822826385,3.4196586906909943,1.9425238943099976,0.3717221513390541,0.5791173255443574,0.2074967947602272,0.012310459446161985,1.237932744026184,0.8971355283260345,63.891015625,75.61974608898163,90.66536058588682,90.0909689647868,91.28187794540814,0.8557181312487676,93.98995225246136,1.5983989261663878,3.0113736115969143,0.7097854201610272,0.8557181312487676,0.2367370300568067,0.00494525612045366,1.40692184980099,1.393638280721811,60.879367614210835,91.16707141582782,69.35389867195717
115,3.125e-05,92.80261770449312,90.92968722889258,94.77090829346318,0.5571333467960358,96.10985803604126,3.3879500031471252,1.9214614152908325,0.3707510411739349,0.5571333467960358,0.21064355194568635,0.01210608085617423,1.2304667592048646,0.8875586545467377,62.86068139076233,76.10216093063354,90.79855774714136,90.49746257293403,91.1330428133262,0.8535969853401184,93.87505604670598,1.6610209529216473,3.0059244449322042,0.7050610666091626,0.8535969853401184,0.23911827229536498,0.005013373537132373,1.4040145598925078,1.3937292832594652,60.96837734899063,92.85084541027362,69.64899118130023
116,3.125e-05,92.98817725212467,91.05795355147659,95.01364515599852,0.5931997489929199,96.04105615615845,3.4452139317989348,1.94573322057724,0.37257264494895936,0.5931997489929199,0.21062323838472366,0.012495009656995536,1.2318426752090454,0.8954570150375366,64.14108877182007,75.68219339847565,90.66894482160956,89.9475428905679,91.4354339034914,0.8856256604194641,93.92755031585693,1.6238333399479206,3.0024719054882345,0.6863663242413447,0.8856256604194641,0.24033370499427503,0.005015265178651764,1.4047848123770494,1.396758143718426,60.821280365619394,92.4250470674955,69.48454013237587
117,3.125e-05,92.86440817243779,90.97956618129197,94.8400055820439,0.5700942730903625,96.16129004955292,3.445022386312485,1.9138763022422791,0.36711313903331755,0.5700942730903625,0.2055033004283905,0.012330810837447644,1.2203530502319335,0.8829939126968384,65.21683359146118,76.21628963947296,90.82955049407491,90.47608824118828,91.21591606887606,0.8274635076522827,93.88520534221942,1.6001901489037733,2.9903839918283315,0.7068093464924738,0.8274635076522827,0.2359452098608017,0.00496376628199449,1.3991137559597309,1.3882981401223402,61.16609968928238,90.74092058035043,69.84114463512714
118,3.125e-05,93.02504639734968,91.24551867573183,94.88570381556787,0.5690652513504029,96.36312329769135,3.4033181846141813,1.9047577238082887,0.3656635195016861,0.5690652513504029,0.2069809192419052,0.012388058826327325,1.2174678933620453,0.8771282935142517,60.120506286621094,76.41638696193695,90.73100545670913,90.44564964154034,91.04437487604812,0.8637960048822256,93.7874450133397,1.6509174842100878,3.015033300106342,0.7153366345625657,0.8637960048822256,0.23579074327762312,0.00492267500465879,1.4003693828215966,1.3909595746260424,60.871970390915706,93.05227866539589,69.54022921048679
119,3.125e-05,92.87955231767421,90.85340092120839,95.01421342272587,0.5700170731544495,96.25117313861847,3.419030284881592,1.9141862559318543,0.36779543459415437,0.5700170731544495,0.2057528668642044,0.012150076013058423,1.2255638217926026,0.8818262183666229,60.2562114238739,76.53038024902344,90.83140117778407,90.61919515310218,91.07712898962737,0.8647754742549016,93.93712052932152,1.6670036086669335,3.022561421761146,0.7158860564231873,0.8647754742549016,0.2370387201125805,0.005018782622825641,1.4021790256867042,1.3959638247123132,60.88708793130121,91.97700610527626,69.35599079498878
120,3.125e-05,93.16157383640152,91.2703014335963,95.14861437060873,0.5783253562450409,96.40455365180969,3.4504185378551484,1.9001279735565186,0.3594365805387497,0.5783253562450409,0.20345809161663056,0.012415749467909337,1.2162133681774139,0.8765500295162201,60.048321866989134,76.39763498306274,90.83749957218964,90.30606462936028,91.40202585038196,0.8366256402089045,93.85669919160696,1.6494992260749524,3.007634236262395,0.7077480279482328,0.8366256402089045,0.23796618901766264,0.005121712340041995,1.4035924856479352,1.3981092251264131,61.03969103436069,92.05859367664044,69.65251519129826
121,3.125e-05,93.13217022830078,91.31210599635791,95.03474230364105,0.5592262190580368,96.42739379405975,3.442770838737488,1.883601942062378,0.3543475216627121,0.5592262190580368,0.20437247037887574,0.012258812207728625,1.2112184023857118,0.8732960617542267,61.11406426429748,76.6110612154007,90.81752272397564,90.01849012460853,91.65875763392707,0.8427484402289758,93.72538924217224,1.6407903226522298,2.9993181778834415,0.6965148013371688,0.8427484402289758,0.2396287608605165,0.00496900833856601,1.4036222467055688,1.398497842825376,60.89911557827531,93.44682913560133,69.46109991807204
122,3.125e-05,93.0813730404388,91.24498793404298,95.0069352836438,0.5453244179487229,96.30707204341888,3.4414942800998687,1.8861118650436401,0.3589667415618896,0.5453244179487229,0.2084338292479515,0.012305125799030066,1.2142636835575105,0.874400839805603,61.51891856193542,76.83208382129669,90.83426969953332,90.69716655112371,91.00189791970678,0.8829507736059335,93.81270958827092,1.655929134442256,3.0405864348778358,0.7262285168354328,0.8829507736059335,0.23665891129236954,0.004992916642759855,1.402017125716576,1.3971594067720265,60.85948350029968,92.89186697739821,69.49049188540532
123,1.5625e-05,93.21448720534784,91.32066338248298,95.19966160124419,0.5501492446660996,96.40302312374115,3.4230060160160063,1.8839741039276123,0.35435390055179594,0.5501492446660996,0.20554425299167634,0.012065165229141712,1.2108159208297729,0.8761523830890655,61.00452342033386,76.46278607845306,90.9186969645128,90.54150385905942,91.32756324144341,0.8642318890644953,93.82746403033917,1.6227209338775048,3.0335422662588267,0.7225056198927072,0.8642318890644953,0.2386726255600269,0.004960427293553948,1.4003578103505647,1.3997977100885832,60.94215137901397,92.07853720738338,69.45661994127127
124,1.5625e-05,93.24606508453302,91.25543573815243,95.33751193916632,0.5660508185625076,96.35782480239868,3.4126082003116607,1.8686271715164184,0.35087367773056033,0.5660508185625076,0.2019207963347435,0.012276008818298578,1.2036272168159485,0.863392368555069,62.212115955352786,76.9545887708664,90.93755766499447,90.47349133951747,91.43472271313595,0.8196135209156916,94.10409652269803,1.642187203352268,3.0019806898557224,0.7137012183666229,0.8196135209156916,0.2356229034753946,0.005085591405916672,1.400597067979666,1.394294628730187,61.2779038668101,88.00042702601506,69.71628069877625
125,1.5625e-05,93.22628083686145,91.33796569966651,95.20367352342352,0.550129490494728,96.33375036716461,3.4091174423694612,1.8690483021736144,0.35757065296173096,0.550129490494728,0.20798705786466598,0.012384074032306671,1.2021901333332061,0.8620166957378388,59.275328397750854,77.07658898830414,90.95210059065879,90.70922071904731,91.2331384495529,0.8538446472241328,93.96498111578134,1.6551989087691674,3.033030179830698,0.7231751313576331,0.8538446472241328,0.2373848339686027,0.0050776772595082335,1.4033008813858032,1.4015472668867845,61.07162360731274,90.38071338947003,69.55360265878531
126,1.5625e-05,93.28408421303695,91.3054298603935,95.35847983838396,0.5615315383672714,96.65200161933899,3.4254612267017364,1.864280970096588,0.35335143327713014,0.5615315383672714,0.20355149924755098,0.012465649582445622,1.2059991574287414,0.8583251655101776,57.429508686065674,77.02008152008057,90.94690424342754,90.62659112961231,91.30422938929152,0.8240059018135071,94.03589138617882,1.6150996891351848,3.0056120799137998,0.7058676183223724,0.8240059018135071,0.2380116066107383,0.005026830790134577,1.4023559139325068,1.401886169727032,61.21629248046423,90.08958449730507,69.75068908471327
127,1.5625e-05,93.07729073333083,91.23375620357196,95.01062903740993,0.5447638458013535,96.53899383544922,3.443762081861496,1.8629551911354065,0.3609100204706192,0.5447638458013535,0.20427434712648393,0.012478267271071673,1.1977649712562561,0.8570618832111359,58.716938972473145,76.97391366958618,90.7824805130822,90.22177767544152,91.37869066031226,0.829369489963238,93.86015809499301,1.6290538700727315,2.9983265766730676,0.7026618283528548,0.829369489963238,0.23665699018881872,0.005093992222100496,1.3998899964185862,1.3975476301633394,61.15408693382904,90.47035364004282,69.85287207823534
128,1.5625e-05,93.11416580078925,91.24498684350297,95.07070246732019,0.533700876235962,96.41668677330017,3.4428129971027372,1.8410452508926392,0.3509764328598976,0.533700876235962,0.20246462792158126,0.012400127928704024,1.188647209405899,0.8521425604820252,60.5934935092926,77.13244819641113,90.85725067347113,90.4542126048196,91.30281593191654,0.8405313858619103,94.0328387113718,1.6741614846082835,3.021464384519137,0.7185075649848351,0.8405313858619103,0.23686320048112136,0.005184742048955881,1.4006125926971436,1.4001988814427302,61.20485689893647,89.60299235123854,69.86970259593083
129,1.5625e-05,93.11257480691783,91.25145568049999,95.0674734880651,0.5213938385248185,96.49748516082764,3.402513122558594,1.8336391472816467,0.3590019088983536,0.5213938385248185,0.1986048537492752,0.012272727862000465,1.1861572337150574,0.843951985836029,56.21823701858521,77.77006876468658,90.86173718813401,90.77899682047389,90.97549794923319,0.8402035282208369,93.95630451349112,1.6555602504656866,3.0388502524449277,0.7355504035949707,0.8402035282208369,0.23689238841717059,0.005164169903414754,1.4016390305299025,1.4004078920070941,61.14125334129669,91.89685894892766,69.89744489009564
130,1e-05,93.23653782351359,91.30864276301732,95.25822055771673,0.5331266087293625,96.35447132587433,3.4228435099124908,1.8558201098442078,0.35312923550605774,0.5331266087293625,0.20623592376708985,0.01230124780908227,1.1960661494731903,0.860979870557785,58.61853022575379,76.89441120624542,90.88000648546773,90.36104219178789,91.43614058523002,0.8358307159863986,93.88528924721938,1.6786461495436156,3.0106220795558047,0.7078290260755099,0.8358307159863986,0.23795496615079734,0.0051423408485089354,1.4003141751656165,1.4013083164508526,60.975479233566716,93.95752650040846,69.58076449540945
131,1e-05,93.35401104376353,91.53077945116905,95.25983593520556,0.5302942740917206,96.52406466007233,3.418085032701492,1.8491877293586731,0.34947755575180056,0.5302942740917206,0.2030978646874428,0.012202107477933169,1.2000047779083252,0.8592051458358765,59.36793794631958,77.04284965991974,90.94325146382161,90.6475391119217,91.26486222239114,0.8362629780402551,93.86183848747841,1.6479894174979284,3.0269658748920145,0.7229759120024167,0.8362629780402551,0.2375339842759646,0.005108457363138978,1.4009055586961598,1.4021568848536565,61.07136753651441,94.078552539532,69.80665051020108
132,1e-05,93.3898088699614,91.6036369067618,95.25643254203219,0.5338318818807601,96.62674701213837,3.4097348630428312,1.840459167957306,0.3481250417232513,0.5338318818807601,0.1981836113333702,0.012229299321770668,1.192089513540268,0.8541603720188141,57.99960289001465,77.21410274505615,90.86581240741111,90.21592586709383,91.55783815415333,0.821343834583576,93.92895102500916,1.636841526398292,3.005202751893264,0.7072837398602412,0.821343834583576,0.23630305780814245,0.005090448396423688,1.4017423116243803,1.4015178726269648,61.15236689665915,91.5141355074369,69.78968932078435
133,1e-05,93.35107072946754,91.4720764128851,95.32045468010165,0.5259630954265595,96.27191174030304,3.422343122959137,1.8484770393371581,0.3436410465836525,0.5259630954265595,0.2045507863163948,0.012167691495269537,1.2049215579032897,0.8636840558052064,60.2523609161377,76.86907875537872,90.89654025748438,90.6438161004695,91.17599251657114,0.8377582935186533,93.91192197799683,1.634359130492577,3.0342014936300425,0.7267785805922288,0.8377582935186533,0.23751580715179443,0.005116841576706905,1.4029842477578383,1.404236756838285,61.02066323007035,93.42893343705397,69.64509853949913
134,1e-05,93.26509687508542,91.43952333996727,95.1748343791764,0.5147971600294113,96.69715225696564,3.3800100862979887,1.8230377411842347,0.34871514976024626,0.5147971600294113,0.20198505491018295,0.012000171151012182,1.1828301215171815,0.8456503939628601,55.96402072906494,77.59736955165863,90.8507559697607,90.51764497293547,91.22115002644647,0.822964186851795,93.9110659635984,1.6481660879575288,3.0169988778921275,0.7208654742974502,0.822964186851795,0.23646428264104402,0.005104666235498511,1.3996930443323576,1.3998695887052095,61.155631551555665,92.35554548410269,69.90218116686894
135,1e-05,93.37927418945169,91.52645632210677,95.31788388289232,0.5330206507444382,96.71085214614868,3.4163227915763854,1.8273846411705017,0.3460861402750015,0.5330206507444382,0.19642623424530029,0.012224853225052356,1.1966054832935333,0.8447415840625763,55.97822093963623,77.60765159130096,91.00131082089298,90.53040976113155,91.50845499940436,0.8211446542006272,93.86325295154865,1.6400446914709532,3.0030215703524075,0.7091145515441895,0.8211446542006272,0.23706376323333153,0.00508799864194141,1.3979811026499822,1.3987331069432771,61.19639587968554,91.30885344285231,69.78048269565289
136,1e-05,93.31008850054619,91.46173628867518,95.24944114466376,0.5396736347675324,96.62356388568878,3.472990667819977,1.8235817646980286,0.3483365422487259,0.5396736347675324,0.19940383613109589,0.012720928490161897,1.1857690286636353,0.8389838755130767,56.1937509059906,77.66825115680695,90.96282484129831,90.74776708644575,91.21111948529216,0.8282199777089633,93.77425129597003,1.670815577873817,3.0353329365070048,0.7339342282368586,0.8282199777089633,0.2373903485444876,0.0051668967621830795,1.400822781599485,1.402371415725121,61.165394605643264,92.82900113325853,69.93094728543208
137,1e-05,93.34718901955367,91.5194340739369,95.25862823311869,0.5202095097303391,96.47878170013428,3.4166904747486115,1.8266065526008606,0.3447066268324852,0.5202095097303391,0.20341502904891967,0.012332525122910738,1.1878257894515991,0.8492598962783814,58.28447365760803,77.36332476139069,90.96111634343603,90.59536425353416,91.35715968650246,0.8205261964064378,93.81185815884517,1.6456612715354333,3.017973257945134,0.7199226296865023,0.8205261964064378,0.23701118047420794,0.005138969854809917,1.4000624693357027,1.4020198675302358,61.13342601313981,93.53461999159593,69.8434958091149
138,1e-05,93.39164872598708,91.49600709185201,95.3780744991764,0.552182212471962,96.5728405714035,3.4215056121349336,1.83961256980896,0.34696260690689085,0.552182212471962,0.20310637682676316,0.012226063683629036,1.1906476616859436,0.8484917688369751,56.16847996711731,77.17146909236908,90.92492852621308,90.69652556859407,91.17905821539786,0.8080924428426303,93.91343685296866,1.64643801175631,3.0094377260941725,0.7209138984863575,0.8080924428426303,0.236003672847381,0.005064602350243009,1.3982485074263353,1.3981900490247285,61.231056628746316,91.97646031012901,69.9251101567195
139,1e-05,93.30643479441396,91.50030227352947,95.19468958561936,0.5355702036619187,96.59062039852142,3.4493062436580657,1.8273205161094666,0.34160498559474944,0.5355702036619187,0.20185683339834212,0.012375751547515391,1.1866650199890136,0.8484053206443787,56.30318913459778,77.45029175281525,90.849152615326,90.36167967337295,91.36652872192192,0.8108080992331872,93.8937966640179,1.649840989938149,3.0019037356743445,0.7089217671981225,0.8108080992331872,0.23696462580790886,0.005135478022006841,1.399287407214825,1.400768023270827,61.15090765639688,92.62011417975792,69.84867499424861
140,1e-05,93.37968631728117,91.5055175051266,95.34293509658153,0.5397407531738281,96.50807321071625,3.4443522930145263,1.849917299747467,0.346628982424736,0.5397407531738281,0.20334973841905593,0.012385384608060122,1.2027842175960541,0.8588959515094757,59.54596047401428,76.87010061740875,90.98569061128508,90.73495257419152,91.26476219139674,0.8271092864183279,93.99024064724262,1.6711880495915046,3.016614840580867,0.7162899397886716,0.8271092864183279,0.23755110914890581,0.005142638531441872,1.3997458723875194,1.401957291823167,61.22985867383798,91.64032716017503,69.92237338652977
