epoch,train_active_f1,train_active_precision,train_active_recall,train_count_mae,train_day_acc,train_duration_mae_minutes,train_loss,train_loss_active,train_loss_count,train_loss_day,train_loss_duration,train_loss_time,train_start_mae_minutes,train_start_tol_5m,val_active_f1,val_active_precision,val_active_recall,val_count_mae,val_day_acc,val_duration_mae_minutes,val_loss,val_loss_active,val_loss_count,val_loss_day,val_loss_duration,val_loss_time,val_start_mae_minutes,val_start_tol_5m
1,89.84742489250519,82.739140070922,98.93602693602693,7.998569211959839,25.955684900283813,15.95472846031189,9.697051448822021,0.8376173549890518,7.998569211959839,1.7257620620727538,0.32221544429659843,4.787458410263062,2226.848046875,1.3370639174245298,90.49248058601736,83.15304487179486,100.0,7.801641574272742,31.513968110084534,12.674345557506268,8.640467570378231,0.6693425659949963,7.801641574272742,1.6039801010718713,0.1534935740324167,4.087065641696636,1625.6370661808894,2.290567533614544
2,90.55088689434649,83.09329346082897,99.88565914837208,7.661982946395874,37.80839055776596,10.475277030467987,8.476952562332153,0.6569319987297058,7.661982946395874,1.5162565612792969,0.09161252714693546,4.058624601364135,1559.8660827636718,3.152139335870743,90.49248058601736,83.15304487179486,100.0,7.509064454298753,55.345218456708466,8.39109860933744,7.871144074660081,0.5487933869545276,7.509064454298753,1.1909456161352305,0.054565222504047245,3.8496032494765062,1172.8511692927434,7.224234365499937
3,90.92932483246157,84.2561756029359,99.05808300574166,7.437168188095093,56.92445236444473,9.66252088546753,7.882421522140503,0.6156409025192261,7.437168188095093,1.1639588832855225,0.07649296551942825,3.8337020540237425,1093.6043746948242,7.260350935161114,91.34770950879111,88.53353185010818,95.2371328175534,7.201967807916494,60.35307049751282,7.5460921342556295,7.580237865447998,0.6724711668032867,7.201967807916494,1.078347935126378,0.04142290611679737,3.623949802838839,1044.509776188777,8.786873490764545
4,91.12893527137996,85.03425462739027,98.52781585841922,7.368326320648193,60.58201825618744,7.463976597785949,7.612842750549317,0.6087852883338928,7.368326320648193,1.0870916032791138,0.044965300783514975,3.6551861143112183,1026.906901550293,8.951187394559383,91.84905741944486,86.13620069258617,98.61049530847949,7.184836130875808,63.32065417216374,5.027848940629226,7.217197124774639,0.5130583953398925,7.184836130875808,1.030102945291079,0.02077044346011602,3.4642199919773984,977.3004795954778,10.298209637403488
5,92.02923209971986,86.47898144750455,98.61908720600216,7.218665704727173,63.215583086013794,7.020204246044159,7.320504884719849,0.5714142125844955,7.218665704727173,1.0443141400814056,0.03813834194093943,3.483910164833069,986.7231750488281,10.581756755709648,91.71144452873601,89.47603810100962,94.74864146944448,7.053803517268254,67.72483449715834,3.7568920736129465,7.085844956911528,0.6395001594836895,7.053803517268254,0.9537595739731421,0.01149495762701218,3.307582983603844,918.2723529522235,12.39431517628523
6,92.12020438046983,86.96160898243176,98.21722680839716,7.13386869430542,65.36406564712524,6.088420271873474,7.112274866104126,0.5738273191452027,7.13386869430542,0.9930827832221985,0.030117036662995814,3.3404121589660645,945.2490097045899,12.969032853841782,93.40558797221193,89.0357307587771,98.34699573090656,6.879419620220478,68.06796147273137,3.2354788138316226,6.703682642716628,0.4755965517117427,6.879419620220478,0.9223874578109155,0.010073967421284089,3.172603277059702,951.5959402231069,13.873409479856491
7,92.51613569814953,87.77601855894092,98.07868241486962,7.0559350204467775,66.07733070850372,6.420621287822724,6.9249562072753905,0.5446608573198318,7.0559350204467775,0.9672559082508088,0.03170497089624405,3.2272979974746705,934.6373352050781,14.453948020935059,93.83263248860077,89.43968714409954,98.86082997189632,6.80024581689101,68.03935628670912,3.2520651817321777,6.533462707812969,0.43208657892850727,6.80024581689101,0.904257962336907,0.01165602166348925,3.0859783612764797,928.1881655179537,16.676874458789825
8,93.271542286532,89.28310228685417,97.8007614668595,6.974616861343383,66.25523293018341,5.445374852418899,6.782150993347168,0.5346747970581055,6.974616861343383,0.95772301197052,0.023456887602806092,3.1312629175186157,901.2922607421875,16.20764611661434,92.9906684275397,87.72167645558021,99.17741086582251,6.982544972346379,68.8371167733119,4.041408873521364,6.492043201739971,0.4422979469482715,6.982544972346379,0.8826822225864117,0.015618103914535962,2.9848533410292406,914.1857205904447,18.689333017055805
9,93.50575745248476,89.39603826458487,98.16873678880133,6.840458421707154,66.87611317634583,5.2628962099552155,6.616483335494995,0.5050175170600414,6.840458421707154,0.926831282377243,0.022957225888967515,3.063932113647461,905.3795120239258,16.932415395975113,94.23054387289677,92.2353751804129,96.45893593120113,6.6101520244891825,68.77899536719688,4.616234096196981,6.348411670097938,0.5251196668698237,6.6101520244891825,0.8694721506192133,0.01662442833185196,2.8977834628178525,822.3343658447266,20.564579963684082
10,94.04824409855127,90.4585174688635,98.04457703183849,6.756315011978149,67.68323945999146,4.9895431220531465,6.480468082427978,0.4820293748378754,6.756315011978149,0.9127999913692474,0.020561626926064492,2.9906562042236327,872.214274597168,17.821110725402832,94.18741090904608,90.86554596284476,98.01224831891123,6.673331279021043,69.65041298132677,2.9673089430882382,6.200831926785982,0.4448221383186487,6.673331279021043,0.8472690903223478,0.00915308934278213,2.8254249279315653,822.0774547870343,21.430416519825275
11,94.346779477204,90.79846007619074,98.2719237872846,6.690120897293091,67.60387217998505,5.025045001506806,6.346476345062256,0.4487531155347824,6.690120897293091,0.9044531512260438,0.020651617720723152,2.918933391571045,870.3027603149415,18.95016247034073,94.31314381996691,90.78334288676389,98.1959114786372,6.6608108923985405,70.10086820675777,3.8404643077116747,6.104280215043288,0.4245070574375299,6.6608108923985405,0.8441184071394113,0.013882011282615937,2.754830232033363,782.5655188927284,23.840167774603916
12,94.43928523107382,90.7869365287605,98.51432269140412,6.703427085876465,68.58624875545502,4.916152036190033,6.251204195022583,0.430858750641346,6.703427085876465,0.879392808675766,0.01970517447218299,2.8546300172805785,839.753524017334,20.767782539129257,94.5779965129715,91.35583183920198,98.1211187994677,6.594774576333853,70.61910904370822,4.119844746131164,6.005245538858267,0.43364212490045106,6.594774576333853,0.8129425048828125,0.01628701571518412,2.6911152509542613,798.7334442138672,25.026131707888382
13,94.08826472791142,90.28411933986257,98.40242372437775,6.690409955978393,69.47785937786102,5.059180629253388,6.169692316055298,0.44530280292034147,6.690409955978393,0.863306850194931,0.020491410233080386,2.774333038330078,818.0065628051758,22.18214237689972,94.47293680694241,90.54608307278292,98.91248610244087,6.6672210326561565,71.24799352425795,3.2313155784056735,5.92896109360915,0.3705216543032573,6.6672210326561565,0.818025006697728,0.012267504962017903,2.6498411985544057,800.6408251248873,26.201803982257843
14,94.24930873803731,90.75864178813967,98.11865630149784,6.642385063171386,69.87625098228455,4.626447582244873,6.1146523380279545,0.44169975697994235,6.642385063171386,0.8584045779705047,0.017963868901133537,2.743641901016235,825.2718994140625,22.992874264717102,94.73281162868827,91.57699410958004,98.19448989453657,6.548886977709257,73.25049638748169,5.550429706390087,5.8319651530339165,0.39396123931958127,6.548886977709257,0.7787869710188645,0.02094575805732837,2.596553527391874,736.9736011211688,28.01338193508295
15,94.49349174644458,90.88794349980265,98.49188488465325,6.620792083740234,70.22351515293121,4.65420047044754,6.010432071685791,0.40767252802848813,6.620792083740234,0.8443979775905609,0.017904659043997528,2.690822787284851,809.01298828125,24.00891199707985,94.99872449446804,92.19199066966029,98.00839408757506,6.539367162264311,74.35314517754774,3.555485514494089,5.720208057990441,0.39495383088405317,6.539367162264311,0.7481165665846604,0.010956789474361218,2.5106028960301328,729.4931998619667,30.47272803691717
16,94.73905090017777,91.37726617499573,98.44810761100567,6.614864978790283,70.73791515827179,4.585936069488525,5.945351943969727,0.41973801255226134,6.614864978790283,0.8201201128959655,0.017353310734033584,2.6328564262390137,788.260814666748,24.908916234970093,94.80081561471171,92.05006407305821,97.80403871931449,6.575473455282358,73.47443974935092,2.745074790257674,5.781862589029165,0.42109504227454847,6.575473455282358,0.7636679319234995,0.007546559692575381,2.523275008568397,756.8335195688101,29.25456349666302
17,94.6393590243002,91.47678088649691,98.10727079988956,6.575485410690308,71.08668386936188,4.3706350982189175,5.860819101333618,0.4105141079425812,6.575485410690308,0.8201804733276368,0.015983425714075565,2.571562123298645,789.9926856994629,26.171460777521133,95.22978362654428,92.5219688163041,98.16631478754388,6.425920908267681,73.59588742256165,4.168711201502727,5.5631506993220405,0.3575020455397092,6.425920908267681,0.7564961772698623,0.014799525961279869,2.4240691295036902,746.2220177283654,30.79380553502303
18,95.17551654767922,92.13989067071935,98.47200367798578,6.552991580963135,71.49542367458344,4.233027935028076,5.797909059524536,0.37811697110533715,6.552991580963135,0.803462872505188,0.015309069361537695,2.560759267807007,773.6648483276367,26.691664904356003,95.34224558201092,92.86631813467658,98.07561155994284,6.4690471062293415,74.06917489491977,3.748882791170707,5.5219041384183445,0.36211249690789443,6.4690471062293415,0.7326661302493169,0.012863244431523176,2.3801863285211415,716.3810025728666,32.69710678320665
19,95.07901649194866,91.88053557521582,98.58420297679255,6.5594308471679685,72.29325890541077,4.108735865354538,5.727354650497436,0.3670279669761658,6.5594308471679685,0.793253229856491,0.014544054344296455,2.506339840888977,755.9391082763672,28.06081148982048,95.78064838939635,94.13315349003668,97.57277901058582,6.368237605461707,75.14589062103859,3.852543991345626,5.429585915345412,0.38977345251120055,6.368237605461707,0.7040228751989511,0.011678124276491312,2.3157777052659254,704.1097846397987,33.58552478826963
20,95.02813006271533,92.16651316196773,98.14267768479996,6.49958815574646,72.60709977149963,3.9588847398757934,5.661847763061523,0.3882882225513458,6.49958815574646,0.7751400423049927,0.013265643958002329,2.4534525966644285,745.7876609802246,28.845590472221375,95.50311510385424,92.91279246186865,98.2733332168236,6.357357025146484,74.9958927814777,3.060650940124805,5.299654630514292,0.3178052638585751,6.357357025146484,0.7090152272811303,0.008898964832321955,2.2586840116060696,698.1345396775466,34.5345418040569
21,95.3584434418388,92.7176197406415,98.22577817113262,6.479502611160278,73.10743117332458,3.946470636129379,5.551526012420655,0.35918235301971435,6.479502611160278,0.7573514628410339,0.013340923618525267,2.3917035698890685,732.4355163574219,30.090588122606277,96.0687605465327,96.08465096645168,96.12810445691338,6.2938462770902195,74.57862771474399,3.528482363774226,5.409811936891996,0.4635725502784436,6.2938462770902195,0.6988367163217984,0.010353867215319322,2.252136780665471,686.0809825016902,35.34425244881557
22,95.57971663213823,93.15207571860523,98.16824041184366,6.419948568344116,73.39891302585602,3.879721611738205,5.518515357971191,0.35480249777436257,6.419948568344116,0.7616015803813935,0.013190774153918028,2.380971689224243,730.7999542236328,30.496090054512024,95.26899871572655,93.07971463151368,97.58329372272524,6.46417788358835,75.57108952448918,3.245284236394442,5.36862248640794,0.35194512513967663,6.46417788358835,0.7039843385036175,0.009720835834741592,2.259481952740596,669.5315346351036,35.56515001333677
23,95.49384571110109,92.88834843261843,98.30563559761626,6.439374876022339,73.675488114357,3.764388066530228,5.460580539703369,0.35008226811885834,6.439374876022339,0.7418033528327942,0.012654521632939578,2.3349238443374634,719.7215934753418,31.61281907558441,96.03379042027817,95.20451960342629,96.89822218166134,6.223730087280273,76.83842640656691,3.4448248606461744,5.176541273410503,0.3665204426416984,6.223730087280273,0.6592805844086868,0.009477202064142777,2.1683234526560855,629.3827761136569,37.9856866139632
24,95.44626259690187,92.81459351454454,98.31126190840702,6.49365704536438,73.7667807340622,3.7157717645168304,5.457250871658325,0.3599496722221375,6.49365704536438,0.7383650732040405,0.012159423157572746,2.3052338552474976,713.730736541748,32.24419993162155,96.07730327221859,94.23713676900762,98.00863861249266,6.30214863557082,77.40277831371014,5.077063120328463,5.105993747711182,0.30216558048358333,6.30214863557082,0.6527328903858478,0.017341835209383413,2.137694835662842,630.1664440448468,38.99116390026533
25,95.85406620093748,93.39815357106595,98.50715490468463,6.414453907012939,74.48001372814178,3.516023963689804,5.352598762512207,0.32451415836811065,6.414453907012939,0.7287967669963836,0.01114478837698698,2.270639078617096,707.8754356384277,33.016653418540955,96.5353668974707,96.29735462562908,96.81220817041148,6.224986278093779,77.55700166408832,2.860514521598816,5.100925775674673,0.38185532276447004,6.224986278093779,0.6500911529247577,0.008093286054925276,2.083642867895273,595.4767814049354,39.90857990888449
26,95.74924346496933,93.5081686337692,98.16890032934732,6.387932767868042,74.13787817955017,3.479761630296707,5.332856845855713,0.34275094360113145,6.387932767868042,0.7259762799739837,0.011073472499847413,2.243931393623352,705.8883415222168,33.422575891017914,95.54380372386996,92.02998384923757,99.36606137445179,6.469127196532029,77.45335285480206,2.840998413471075,5.042248359093299,0.25260130831828487,6.469127196532029,0.6417451592592093,0.007138492109683843,2.0748032056368313,617.4146182720477,39.84532264562753
27,96.0078027481174,93.80288724589899,98.3713617874325,6.317242612838745,75.09674215316772,3.5019818007946015,5.216749353408813,0.31336049556732176,6.317242612838745,0.7057225704193115,0.011107815802097321,2.1961266136169435,669.3530563354492,35.09678673744202,96.65162490801535,95.66017062020236,97.69519760523248,6.16795723254864,77.47858212544368,3.9026744549091044,4.944614740518423,0.3054204107477115,6.16795723254864,0.6349807198231037,0.012780895026830526,2.0333665792758646,617.1356259859525,41.21690254945021
28,95.9862819888998,93.92532019745106,98.18181520809358,6.339242897033691,75.35391247272491,3.4547735929489134,5.217423305511475,0.3169491478800774,6.339242897033691,0.6961001074314117,0.010852537751197815,2.1922985768318175,663.4431571960449,34.731522381305695,96.84616758996711,95.8949350357441,97.83583679902456,6.13992085823646,77.68563032150269,2.7584109054161954,4.882662846491887,0.2798020232182283,6.13992085823646,0.6364223590263953,0.007091148684804256,2.0069746237534742,578.7072284405048,41.791398937885575
29,96.12005740944988,94.03598547305604,98.35726741677128,6.331585893630981,75.5199316740036,3.3419059067964554,5.148254194259644,0.3009270064532757,6.331585893630981,0.6919750547409058,0.01061792959459126,2.1447660446166994,664.5519638061523,35.65035265684128,96.7881047066954,96.38135503889478,97.24523982668143,6.124191797696627,77.90704277845529,3.1397187365935397,4.9525960592123175,0.35182641446590424,6.124191797696627,0.6374920331514798,0.008616146953919759,2.009334921836853,581.4788730327899,42.142360256268425
30,96.3817293138964,94.45571190893038,98.41147279904732,6.262143316268921,75.94354891777039,3.4128037214279177,5.06469048500061,0.29260386526584625,6.262143316268921,0.6758748948574066,0.010734233614057303,2.105077211856842,658.0742530822754,36.74423140287399,96.77722310463001,96.10850042855006,97.48809759812343,6.109921235304612,79.37298096143283,2.695227494606605,4.810101710833036,0.304107051056165,6.109921235304612,0.6004173159599304,0.008036879536051016,1.9456228476304274,548.6265681340144,43.42841185056246
31,96.36180062061585,94.39752444256834,98.45061291170123,6.267681150436402,76.62276637554169,3.3878577768802645,5.027132129669189,0.28226794183254245,6.267681150436402,0.6636977708339691,0.010788851864635945,2.084429614543915,641.2008590698242,37.373639822006226,96.93273831011211,97.26747090114334,96.65420944311765,6.136488639391386,77.89992231589098,2.096481449328936,4.868570676216712,0.3436948387668683,6.136488639391386,0.6208389172187219,0.005850498725731785,1.9413474798202515,563.0984907883865,43.72471662668082
32,96.45735073367683,94.77675132497808,98.2291247636668,6.207175736427307,76.45596408843994,3.3291605055332183,4.97768322467804,0.29211316421628,6.207175736427307,0.66402179479599,0.010211346726864577,2.0462010645866395,638.6672470092774,38.45012676715851,96.29458326729392,93.85695684734303,98.89688244285526,6.252268699499277,79.7398172892057,2.70058912726549,4.722009145296537,0.2307964047560325,6.252268699499277,0.5940235761495737,0.007560797572995608,1.8855901864858775,524.150144136869,46.038507727476265
33,96.40537678164918,94.46929975991718,98.46060815063336,6.2108129787445066,77.26148569583893,3.291617864370346,4.9211053466796875,0.28193431317806245,6.2108129787445066,0.6492196190357208,0.010208611954003572,2.008891065120697,620.1884498596191,39.36587697267532,97.09400071696778,96.12758273324746,98.09296234348287,6.103175475047185,80.39922576684218,2.5349609095316668,4.651932459611159,0.25223562579888564,6.103175475047185,0.5816968037531927,0.00622578953894285,1.8551525519444392,519.9762637798602,47.02944457530975
34,96.65431091262259,95.01906205633622,98.37252740376476,6.21507942199707,77.6595561504364,3.2293374240398407,4.892647361755371,0.2695161528885365,6.21507942199707,0.6405252891778946,0.01002280225045979,1.9974812006950378,606.0950386047364,39.4919895529747,96.64303361868932,94.52346190628268,98.90122203054891,6.216395983329186,80.00914683708778,2.252863187056321,4.671362253335806,0.2317489299636621,6.216395983329186,0.5878971127363352,0.005962207698478148,1.8511543365625234,502.53883361816406,46.82832612441136
35,96.67976894569009,95.1817613347233,98.24659926879886,6.1563331985473635,77.41269993782043,3.265121877193451,4.851187200546264,0.28674851566553117,6.1563331985473635,0.635781648159027,0.01007695147767663,1.962659592628479,605.3842910766601,40.379639744758606,97.17891067107918,96.8265387963699,97.55055181511915,6.048652979043814,81.0456055861253,2.000539543536993,4.616219447209285,0.2876399216743616,6.048652979043814,0.5707247394781846,0.004707101213101011,1.8111022068903997,493.6728198711689,48.69969143317296
36,96.86319916189923,95.42099918890764,98.3848945229523,6.13202383518219,78.00924980640411,3.178917607665062,4.7544394302368165,0.25280210420489313,6.13202383518219,0.6208367663621902,0.009564227852970363,1.9189304089546204,592.588190460205,41.84933567047119,97.19550302583943,96.23885851941431,98.18667985614351,6.078579829289363,81.55118181155278,1.6909157026272554,4.52495892231281,0.2361391026240129,6.078579829289363,0.5546390093289889,0.004051286852560365,1.7722593270815337,479.46678161621094,50.03377405496744
37,96.8768363339494,95.42515312984452,98.39974874014551,6.148070187568664,78.84709119796753,3.169880974292755,4.748553476333618,0.2598068016767502,6.148070187568664,0.6121975529193878,0.009583777645602823,1.906467113494873,573.8966522216797,42.214825332164764,97.15249553529416,96.26584885822672,98.07401778672973,6.09101363328787,81.93878210507907,2.156871184706688,4.5484951459444485,0.26093722077516407,6.09101363328787,0.5465377821372106,0.005470858940568108,1.7720325818428626,465.47149364764874,50.10900818384611
38,96.91243643936558,95.48364700116417,98.40925708782197,6.162641773223877,79.34012877941132,3.108259153366089,4.709526052474976,0.2585447730123997,6.162641773223877,0.6033096617460251,0.009470502976328135,1.8698457956314087,556.2480964660645,43.41625219583511,97.08446385878572,97.11968959379445,97.06980214301278,6.093087691527146,82.51060064022357,1.9467013271955342,4.570710475628193,0.32897702489907926,6.093087691527146,0.5362192461123834,0.004610061949978654,1.7328773095057561,442.7012252807617,51.465094548005325
39,96.7099130782407,95.15324499264972,98.36629063984017,6.113914756774903,79.65361046791077,3.231178265810013,4.664158182144165,0.25705176025629045,6.113914756774903,0.5975657737255097,0.00984688644297421,1.8469709587097167,566.8069305419922,44.16577208042145,97.04467406609238,95.59647460220691,98.54593738861276,6.1257710456848145,82.81229367622963,2.149144273537856,4.413883557686439,0.21690588215222725,6.1257710456848145,0.5122340757113236,0.0051126488520262334,1.6933714884978075,448.78054545475885,52.01015357787792
40,97.08318193638627,95.75550489934221,98.46555009180415,6.1326981544494625,79.9544392824173,3.071490913629532,4.60058470249176,0.23927877604961395,6.1326981544494625,0.578913779258728,0.00932272657752037,1.8077573919296264,539.1201332092285,45.29254603385925,97.43095726279738,96.4994287407362,98.39858368947593,6.046447680546687,83.4574493078085,2.6144370322044077,4.39773363333482,0.23233801871538162,6.046447680546687,0.5139548022013444,0.006484322464809968,1.68807380933028,410.86314274714545,52.00581069176014
41,96.95599901172213,95.6658198978382,98.31721002952865,6.1500961971282955,80.75834214687347,3.0829588651657103,4.572079877853394,0.24829582646489143,6.1500961971282955,0.567532132267952,0.00952382550574839,1.772073245048523,516.84091796875,46.433178067207336,97.02737310154984,96.09012384375595,98.00640507316221,6.110404949921828,83.7466707596412,2.7197323854152975,4.406945081857534,0.2694981453510431,6.110404949921828,0.49893906712532043,0.006946751704582801,1.648158623622014,413.1772290743314,53.6607570373095
42,96.88204468558467,95.45747010464923,98.38889531731112,6.096711993217468,80.92077994346619,3.126589748263359,4.501102051734924,0.24605821006000042,6.096711993217468,0.5570686435699463,0.009673776291310787,1.7293118500709534,514.4940406799317,47.40238398313522,97.30151630471738,96.68782579611691,97.94355245978566,6.058098206153283,83.88865773494427,1.7817391684422126,4.329901181734526,0.2483442723751068,6.058098206153283,0.48613242231882536,0.0042238481557713104,1.620085046841548,395.87329864501953,54.9829336313101
43,97.21820748907942,95.94943361180505,98.54567679169189,6.080375127792358,81.24631655216217,3.0883672714233397,4.468290419578552,0.2198072424530983,6.080375127792358,0.5522544455528259,0.009528336953371764,1.7318681621551513,506.99036026000977,47.49659967422485,97.48737410165002,97.19330123005483,97.79766420889239,6.019672008661123,84.40326360555795,2.4588834093167233,4.296221898152278,0.2597485196131926,6.019672008661123,0.47749762810193574,0.0061080477988490695,1.594118173305805,385.7693099975586,54.76656235181368
44,97.31812002445874,96.08862544259223,98.59487581646367,6.130622415542603,81.45268511772156,3.095484745502472,4.455107474327088,0.22669444784522055,6.130622415542603,0.5458468353748321,0.009478041622787713,1.6987068438529969,495.8483539581299,48.47966021299362,96.91912751584992,95.88450464611363,97.99880883317797,6.1150545340317946,84.21153013522809,1.6838649660348892,4.292681033794697,0.2411790444300725,6.1150545340317946,0.4795932655151074,0.004538187524303794,1.574610132437486,381.3060804513785,56.15791311630836
45,97.40616109769458,96.29090870438466,98.56037175338314,6.133796439170838,82.32564461231232,3.0524075090885163,4.407661180496216,0.21980859510600567,6.133796439170838,0.5304511106014251,0.009413477825000882,1.6678254461288453,474.1239440917969,49.40035444498062,97.07729484200883,95.67182051736883,98.53701604093357,6.09683739222013,84.94419272129352,1.696950804728728,4.222962049337534,0.2137227224615904,6.09683739222013,0.46791659868680513,0.004524158976542262,1.5468997680223906,361.9170306279109,56.77644220682291
46,97.25897800752408,95.99851898023195,98.57580857403495,6.0711828708648685,82.57195580005646,2.9462120324373244,4.341037392616272,0.22341457761824132,6.0711828708648685,0.5197222632169723,0.008977139247581362,1.6271078324317931,461.015523147583,50.51825827360153,97.54899974609361,96.95371241554425,98.16443680566853,6.000789807393001,83.59663303081805,1.9302606468017285,4.240370750427246,0.23349069918577486,6.000789807393001,0.4902539918055901,0.004786440189211414,1.5624685562573946,394.58877856914813,55.52977369381831
47,97.3071048610932,96.0853458530073,98.57645318480155,6.0796483135223385,82.0356615781784,2.9649513512849808,4.329905471801758,0.22331014394760132,6.0796483135223385,0.5267217785120011,0.008989677419885994,1.6082152676582337,472.43465995788574,50.75323849916458,97.63536378261716,98.08558827619143,97.20301328671096,5.990046849617591,84.81769332518944,1.8749280044665704,4.269148698219886,0.2938047412496347,5.990046849617591,0.4634658396244049,0.004760659496801404,1.5534493831487803,360.0553879371056,57.31448072653551
48,97.51168991215445,96.50424462625752,98.56093962566085,6.040253219604492,82.7819117307663,2.9639604151248933,4.277425374984741,0.21090583860874176,6.040253219604492,0.5129193764925003,0.009050292717292905,1.5915773582458497,458.6091625213623,51.60980957746506,97.30815515748533,96.62991293990343,98.03280725191043,6.04100304383498,84.21841447169965,1.950575216458394,4.20343017578125,0.23706902105074662,6.04100304383498,0.46408259639373195,0.004783683152009661,1.5261955261230469,373.1616401672363,56.499340213262116
49,97.46657985801025,96.36621957132131,98.60625799214334,6.1263224887847905,83.3795474767685,2.9645163089036943,4.279101457595825,0.21216190099716187,6.1263224887847905,0.5021533012390137,0.009066912280395627,1.569406008720398,446.1381015777588,52.161660969257355,97.64123914671399,98.10711050055842,97.18991662702973,5.973875467593853,84.91370998896085,1.8866585538937495,4.225088908122136,0.2988226694556383,5.973875467593853,0.46373270337398237,0.004596119961486413,1.5098777734316313,368.23768615722656,57.382913277699394
50,97.52553332095141,96.44654820080231,98.6445912880606,6.0379871034622195,83.81528353691101,2.9731079608201982,4.192607245445251,0.20419329658150673,6.0379871034622195,0.48586445927619937,0.009126609452068805,1.5331880474090576,433.27262687683105,53.2352175116539,97.39868681547222,96.37633696761273,98.45167408409131,6.042589792838464,86.30978602629442,1.8082549021794245,4.117671361336341,0.21628509748440522,6.042589792838464,0.43473499096356905,0.004605539017715133,1.481244288958036,344.6823457571176,58.44167837729821
51,97.7456170547965,96.7175694416154,98.81424395498881,6.00757664680481,83.80164194107056,2.9536492615938186,4.154425277709961,0.19094927832484246,6.00757664680481,0.4919636106491089,0.009031031299382448,1.5146435165405274,426.8400115966797,53.5497562289238,97.42666072957277,96.9682133432255,97.91194333580675,5.999413178517268,84.92250809302696,1.9159430265426636,4.148742253963764,0.23123846661586028,5.999413178517268,0.4619613610781156,0.004645464619478354,1.4934071394113393,344.13829803466797,58.346249965521004
52,97.7453920470686,96.85301562809606,98.66645000102818,6.023781194686889,83.92284834384918,2.8751517117023466,4.139509134292602,0.19351896837353708,6.023781194686889,0.4801891642808914,0.008702843952924012,1.4997937965393067,425.5166812896729,53.58842420578003,97.40458464810737,96.7315410012325,98.10427867182594,6.030904293060303,84.92070390627934,1.791674723991981,4.128762850394616,0.22624652087688446,6.030904293060303,0.45152844144747806,0.00505577944792234,1.4746188017038198,368.59818091759314,57.96755689841051
53,97.64836139968415,96.60132746948553,98.73333349815297,6.062690987586975,83.96395218372345,2.920956701040268,4.135223140716553,0.19636558160185813,6.062690987586975,0.47941151082515715,0.008914452232420444,1.479544780254364,437.1816917419434,54.35102593898773,97.4156420357296,97.1954845097062,97.65179008963432,6.0065541083996115,85.88465818992027,1.4638547885876436,4.111868564899151,0.25699215955459154,6.0065541083996115,0.4367262835686023,0.0035214443834355245,1.4461698348705585,335.23631169245795,59.565623448445244
54,97.56989842613362,96.41732754993843,98.76607399065853,6.046713418960572,84.68371045589447,2.8925148487091064,4.099702701568604,0.18721327021718026,6.046713418960572,0.4652698689699173,0.008790120808407664,1.4686928367614747,405.95793800354005,54.408091962337494,97.40320892454426,95.99853059358696,98.8575965185093,6.068128035618709,85.98319979814383,1.5223989979578898,4.074574855657724,0.19386538920494226,6.068128035618709,0.4379296715442951,0.004829838639125228,1.4493478444906382,333.29159809992865,59.96739130753737
55,97.8110907206883,97.07098462489985,98.57680921334965,6.003009276390076,84.40826261043549,2.973191338777542,4.069408483505249,0.19410503536462784,6.003009276390076,0.4671176600456238,0.0091616605874151,1.4454355072975158,412.9760795593262,55.255835592746735,97.73501806691677,97.56441846631637,97.919851261619,5.977119812598596,86.13766110860385,1.3785292666692,4.1396882717426005,0.2882155248752007,5.977119812598596,0.43528322073129505,0.003783279277670842,1.4540260480000422,339.13164578951324,59.311993763997
56,97.7852110741812,96.87079962237216,98.73050555626344,6.003261070251465,85.08463859558105,2.9447307646274568,4.013565411567688,0.18564862780272962,6.003261070251465,0.4578302329778671,0.009070919789373875,1.4044800615310669,397.195548248291,56.79781138896942,97.68787890113914,97.07713011887625,98.31269821569605,5.968727093476516,86.31598078287564,1.8378327213800871,4.016268124947181,0.19712058970561394,5.968727093476516,0.43598907268964326,0.004264083816311681,1.4240479194200957,327.0440937922551,60.3001383634714
57,97.84581764310133,96.95063350587778,98.76809116422567,5.945840921401977,84.77136254310608,2.991615331172943,3.982201075553894,0.1756006272137165,5.945840921401977,0.4618810027837753,0.009362963400781155,1.4003668427467346,400.437516784668,56.461420118808746,97.56475202644998,97.11301788404245,98.04113991066136,6.015232966496394,85.6253445148468,1.6051591416964164,4.090236040262075,0.25101211208563584,6.015232966496394,0.4358456272345323,0.004281328704494696,1.427944302558899,345.4313747699444,59.08760841076191
58,97.88507119898368,96.98827318015458,98.81026519633426,5.949540886878967,84.98644304275513,2.873042657971382,3.962930598258972,0.1759627953916788,5.949540886878967,0.45365070044994354,0.008780206851661206,1.385316960811615,390.1050090789795,56.782924354076385,97.5034196007218,96.32954694788465,98.71005934254653,6.058817881804246,86.68465889417209,1.6814524966936846,4.03234707392179,0.1945477999173678,6.058817881804246,0.4330750841360826,0.004239208620184889,1.4132126111250658,319.86576373760516,61.353114935067985
59,97.93610627031644,96.92845836111775,98.97554342800035,5.992331686019898,85.70451772212982,2.9097381830215454,3.925371541976929,0.1686164480447769,5.992331686019898,0.4408589738607407,0.008984499480575323,1.3490408444404602,380.65560111999514,58.19855600595474,97.74395503102075,97.16797168021374,98.3387676595362,6.004866269918589,86.57951400830196,1.4066025098929038,4.036070163433369,0.24188867612526968,6.004866269918589,0.4233574844323672,0.003910588100552559,1.3953459904744074,313.73005353487457,61.484283208847046
60,98.00805415819585,97.1233410188093,98.92046547451224,5.946914582252503,85.44610035419464,2.989010292291641,3.8928118133544922,0.17036920696496963,5.946914582252503,0.44100418984889983,0.009297293704003095,1.3304601216316223,382.21594085693357,58.28559571504593,97.7985832880285,97.15808182753975,98.45037646736502,5.943284053068894,86.82260329906757,1.2658656617769828,3.948660923884465,0.19181843789724204,5.943284053068894,0.41649487614631653,0.0031880334807703127,1.3845090774389415,319.2924646230844,61.67458112423237
61,98.14409109295768,97.406451266235,98.90108795215465,5.9296677732467655,86.18830156326294,2.8962401866912844,3.850322389602661,0.157191359475255,5.9296677732467655,0.4292497098445892,0.00903137086890638,1.315466239452362,363.0290439605713,58.79526627063751,97.70021684912142,97.06610022157679,98.35524161666356,5.9945379587320184,85.86119138277493,1.3388443680909963,4.005134985997127,0.22032230977828687,5.9945379587320184,0.42247141553805423,0.003299494614251531,1.3903345603209276,316.6107970017653,61.009586774385895
62,98.21077241830854,97.32848489103648,99.11667662613628,5.954384412765503,86.52768087387085,2.9276419043540955,3.8362090158462525,0.14870252575725318,5.954384412765503,0.4231950223445892,0.009113436788320542,1.3054128003120422,359.49058494567873,59.32646036148071,97.71934193833832,97.31111519216454,98.14976108691573,5.97806426194998,86.62487543546237,1.5104476935588396,4.009708697979267,0.24744341121270105,5.97806426194998,0.4209742064659412,0.003675543595678531,1.3745257395964403,316.2718303386982,61.58351623094999
63,98.19441708939694,97.35428032582537,99.05971091666026,6.033945188522339,86.53377997875214,2.927856022119522,3.8269128513336184,0.15091194370470476,6.033945188522339,0.4153370743989944,0.0090087868925184,1.2715824413299561,353.3321113586426,60.16517770290375,97.63365441331065,97.23842270277797,98.04365587821374,5.973822758747981,87.01812945879422,1.5032231979645216,3.996781055743878,0.25075826621972597,5.973822758747981,0.4081367277182065,0.004002812121493312,1.3686885833740234,313.95986703725964,62.02213168144226
64,98.1165602085097,97.22547842812413,99.03513650915538,5.974217371940613,86.7342119216919,2.9034146904945373,3.7770676755905153,0.14864714086055755,5.974217371940613,0.40786933481693266,0.009169551460072398,1.250102059841156,348.91063079833987,60.335288643836975,97.9998506123317,98.01512443755215,97.9974802366134,5.956258700444148,86.83772637293889,1.3240956916258886,4.05737776022691,0.27693098095747143,5.956258700444148,0.41785529255867004,0.003601189129627668,1.4025372725266676,306.8415744488056,61.60165209036607
65,98.32611671458048,97.52765604557358,99.15058354803521,5.949604330062866,87.00780475139618,2.939381945133209,3.7568358516693117,0.14105930575169623,5.949604330062866,0.40667286932468416,0.009083852171897888,1.2469273030757904,350.69676971435547,60.66973578929901,97.81274718696818,96.80473636247007,98.84917976155258,5.996748850895808,87.05137830514174,1.2135045860822384,3.9867697128882775,0.19477756092181572,5.996748850895808,0.4163123690165006,0.003087590627658826,1.4010939047886775,300.2317868746244,62.03214801274813
66,98.2819064532987,97.46443274787401,99.1196881018588,5.969669704437256,87.13393938541412,2.8740623742341995,3.734322118759155,0.13748401606455446,5.969669704437256,0.40136986434459687,0.00893348821438849,1.2247081518173217,343.71422348022463,61.55426025390625,97.86002466162927,97.7110429449406,98.01933290949529,5.966465454835158,87.74467294032758,1.2565245307408845,3.9821955057290883,0.26089824793430477,5.966465454835158,0.4022407898536095,0.0035158848712364067,1.3507626881966224,288.4169006347656,63.527861466774574
67,98.66247482301809,98.05962808721775,99.27959580958105,5.873718996047973,88.01222956180573,2.836802691221237,3.5815111351013185,0.11639571718871594,5.873718996047973,0.3825907599925995,0.008791763484477997,1.1397419095039367,322.5636131286621,63.69365859031677,98.16287464490895,97.96327027349471,98.37324876997808,5.906702335064228,87.6840013724107,1.2036206458623593,3.8905398662273702,0.22369414424666992,5.906702335064228,0.38912081718444824,0.003220796979104097,1.3264712186960073,282.8019919762245,64.05747899642357
68,98.71563513140812,98.03482819029009,99.41089047661076,5.879887790679931,88.5338089466095,2.8347041457891464,3.5292344999313356,0.1101253042370081,5.879887790679931,0.3638352346420288,0.008753220289945603,1.1047132170200349,304.7844871520996,65.00030720233917,98.23721307001105,98.1086126245193,98.37304600448367,5.900554675322312,87.68121370902428,1.2813865450712352,3.914427298765916,0.23830377425138766,5.900554675322312,0.39205793004769546,0.003347685936695108,1.3358193452541645,278.716553908128,63.99920720320482
69,98.74903113881697,98.18830125395719,99.32027021462207,5.8636393737792964,89.10480070114136,2.925771215558052,3.4904482698440553,0.10406794555485249,5.8636393737792964,0.351745001077652,0.009155709370970726,1.0860539174079895,289.6111457824707,65.9773325920105,98.08015432910196,97.73147045465254,98.43373191289903,5.921112097226656,88.25277731968806,1.2489922058123808,3.905150670271653,0.22576778152814278,5.921112097226656,0.3902115821838379,0.003377453683732221,1.333170166382423,274.77434598482574,63.986844282883865
70,98.88293300761717,98.39481534102221,99.38113956985983,5.88729263305664,89.39577543735504,2.819419103860855,3.472730808258057,0.09811281872913241,5.88729263305664,0.3472100269794464,0.008731480492278933,1.0692722845077514,285.0898763656616,65.90088140964508,97.97968750195356,97.71016638653053,98.25601371225925,5.931557893753052,87.92519065049979,1.3537784493886507,3.950439067987295,0.25284886446136695,5.931557893753052,0.3947498592046591,0.003503514740329522,1.3445194042645967,284.11520884587213,64.2284489594973
71,98.81292386193967,98.25476036866125,99.3816546343087,5.864857196807861,89.36803984642029,2.9117119163274765,3.4586898040771485,0.09802379760891199,5.864857196807861,0.3503911411762238,0.00909346698783338,1.0608735573291779,285.43991565704346,66.19674217700958,98.19942814774987,97.94838298918452,98.45648827678093,5.892898816328782,88.19691263712369,1.247198455608808,3.8992467476771426,0.22314580214711335,5.892898816328782,0.3930346644841708,0.0032559250517246816,1.3378109977795527,278.79566192626953,64.44801825743455
72,98.83416813686534,98.31340183851327,99.36429309916457,5.827378606796264,89.54472017288208,2.866169822216034,3.435224914550781,0.10220599869266152,5.827378606796264,0.34634859740734103,0.008966348320245742,1.049199162721634,283.10570220947267,66.76089227199554,98.27858927207649,98.06915975606125,98.49639843199007,5.9120507056896505,88.15111288657555,1.3035645794409971,3.925759187111488,0.24582259442943794,5.9120507056896505,0.3980581003886003,0.0034942977273693453,1.3313793677550096,274.8979377746582,64.5560819369096
73,98.99331713679386,98.52965472310652,99.46514275404701,5.842435050010681,89.48280215263367,2.9042865693569184,3.425800700187683,0.08360126905143261,5.842435050010681,0.3447158735990524,0.009088147217407822,1.0542284655570984,287.6748439788818,66.64728999137878,98.26796265541519,97.8888206970599,98.65640780128152,5.899784014775203,88.23544199650104,1.1103630180542285,3.9154877295860877,0.24163570541601914,5.899784014775203,0.3919539703772618,0.0030301647135414756,1.3339539537063012,271.73700185922473,64.3165056522076
74,98.90266276850467,98.34926491866803,99.46831653731351,5.837177019119263,90.01654529571533,2.90175940990448,3.35711612701416,0.08353581223636866,5.837177019119263,0.3287336674332619,0.009048773255199195,0.9986450707912445,266.69503421783446,68.52809977531433,98.31120315698317,98.21400979720372,98.41193623541218,5.884559557988093,88.6217332803286,1.249630434008745,3.9107323609865627,0.24913583122766936,5.884559557988093,0.38631219130295974,0.0030986171824714313,1.3309625341342046,266.30485681387097,64.79443174142104
75,99.10259399580549,98.65030654597132,99.56189145158778,5.865459733009338,90.5508941411972,2.845148128271103,3.3464307737350465,0.07614677229896188,5.865459733009338,0.32152323782444,0.00898371464572847,0.9905101466178894,260.7877500534058,68.5005818605423,98.19946722704904,98.05034240092495,98.35306830409698,5.889005881089431,88.4616365799537,1.3877669779153972,3.901664477128249,0.24350954362979302,5.889005881089431,0.38389084201592666,0.003676328485688338,1.327544010602511,270.8960929283729,65.11262150911185
76,99.15234804628648,98.7869231874438,99.52388458608527,5.830718402862549,90.34020757675171,2.8725159108638763,3.3218680477142333,0.07927936255931854,5.830718402862549,0.3236052522063255,0.009240538328886033,0.9734655249118805,261.0778505325317,69.16911816596985,98.26669776943768,97.9432394016192,98.59810080942484,5.895015423114483,88.64406714072594,1.2323614324514682,3.887867835851816,0.22030563595203254,5.895015423114483,0.3873842335664309,0.0032246073600477898,1.3324929934281569,265.93820131742035,65.37233499380258
77,99.23792855070703,98.86152976819454,99.62000358501626,5.849168710708618,90.71056878566742,2.8505846500396728,3.296777458190918,0.06922573222778737,5.849168710708618,0.31927750647068026,0.008889685813337565,0.9550705242156983,246.7265142440796,69.44506847858429,98.20466752372545,98.13056737379942,98.28716335814481,5.892041811576257,88.68050896204434,1.3409154346356025,3.919519094320444,0.25557155821185845,5.892041811576257,0.38933555437968326,0.0034973700889028036,1.3284986202533429,262.9493566659781,65.53945266283475
78,99.2068347213938,98.79401208454242,99.62705640310702,5.811888709068298,90.6034140586853,2.8745746433734896,3.2746572399139406,0.06841964818537236,5.811888709068298,0.3169447672367096,0.00915020196698606,0.9483852183818817,254.88538188934325,69.66500449180603,98.4046260626685,98.16978293185426,98.64254048997905,5.885041420276348,89.11676773658165,1.3425822842579622,3.9123563216282773,0.2380453977160729,5.885041420276348,0.38928582805853623,0.003501111534065925,1.3413461355062632,253.23303809532752,65.4173140342419
79,99.21530990237841,98.77442265243319,99.66302549785323,5.839176540374756,90.82353174686432,2.831158399581909,3.276220369338989,0.06830101225525141,5.839176540374756,0.3124682000279427,0.009026211937889456,0.9436746263504028,255.7707727432251,69.87118649482727,98.29566283917637,98.17495535104594,98.42330548569463,5.878156166810256,88.57022065382738,1.2415793136908457,3.9298942455878625,0.2580162831223928,5.878156166810256,0.38965977613742536,0.0031680349762050006,1.3411278632970958,264.88000869750977,65.46377218686618
80,99.24515200197511,98.8752425608705,99.62101246044185,5.837173633575439,90.75769996643066,2.884529489278793,3.2549091958999634,0.06624397948384285,5.837173633575439,0.3109546774625778,0.00915830628015101,0.9261545634269714,242.48517665863037,70.44779467582703,98.31734276834112,98.1881937114926,98.45214833858338,5.874229816290049,88.77234000426073,1.196879853422825,3.912800385401799,0.251603796505011,5.874229816290049,0.38619699615698594,0.003177119060777701,1.3342428299096913,259.7751998901367,65.6753828892341
81,99.27889561780025,98.9762262125692,99.58500934832936,5.8694486236572265,91.04622411727905,2.8382043659687044,3.2592048120498656,0.06361059716902673,5.8694486236572265,0.3068605941534042,0.008997341189533471,0.9246853482723236,245.9833106994629,70.58411395549774,98.3289190449068,98.19808892138362,98.46581263485085,5.871144441457895,88.87482652297386,1.2373185272400196,3.909055966597337,0.24760533926578668,5.871144441457895,0.3859181243639726,0.003258583673204367,1.3357557012484624,259.6335279024564,65.52751385248624
82,99.22634727089334,98.85735565071937,99.600988299831,5.7953242540359495,91.1236834526062,2.822009500861168,3.229355549812317,0.06677444385364652,5.7953242540359495,0.3061839100718498,0.008811764512211084,0.9181265676021576,238.6132381439209,70.79014849662781,98.37023998914187,98.28289224851099,98.46243428413202,5.862569332122803,89.12490698007437,1.2189960995545754,3.894011827615591,0.24578885791393426,5.862569332122803,0.3830428375647618,0.0032336141627568463,1.327547013759613,252.17416176429163,66.16981625556946
83,99.25208241272043,98.81537807078655,99.6965164093223,5.779930572509766,91.25505208969116,2.8688995271921156,3.215583996772766,0.06493432085961104,5.779930572509766,0.30495926827192305,0.009055281793698668,0.912391471862793,236.13829135894775,71.05266404151917,98.36653898342085,98.20440337915345,98.53123850487425,5.874797380887545,89.20399913421043,1.2033051538925905,3.8908084539266734,0.24155738749183142,5.874797380887545,0.3802803112910344,0.0032428994667358124,1.3262272752248323,256.48032848651593,65.6724342933068
84,99.30812534794377,98.97735624668685,99.64334112554934,5.799124555587769,91.05868697166443,2.8312736481428145,3.2143127155303954,0.06107611870393157,5.799124555587769,0.3039328488707542,0.00895445785485208,0.9089991331100464,241.80867595672606,70.92162907123566,98.29206788379345,98.08679055070077,98.50190363372826,5.876848991100605,89.01830774087172,1.207675297672932,3.920461709682758,0.25083509660684145,5.876848991100605,0.3891747066607842,0.003154458298992652,1.3396763159678533,258.1258084223821,65.3623837691087
85,99.29007771741945,98.98946255767115,99.59484954776148,5.826691403388977,91.23518228530884,2.8661423444747927,3.2237218952178956,0.06366711258888244,5.826691403388977,0.3015942668914795,0.009103555772453547,0.9077761423587799,234.53264198303222,71.11125648021698,98.26210832005624,98.1056133119895,98.42335533806887,5.88433419741117,89.32472834220299,1.2269419718247194,3.9197770999028134,0.25170738192705006,5.88433419741117,0.386615888430522,0.0032576419986211336,1.337270085628216,251.43816434420071,65.98018224422748
86,99.34055584855882,98.97171531268856,99.71385078341653,5.807475185394287,91.53499400615692,2.874134731292725,3.1940982341766357,0.057685200870037076,5.807475185394287,0.29674312263727187,0.009207006273791195,0.8942351603507995,230.16706008911132,72.03374874591827,98.30718289568154,98.2737089352448,98.34620364640566,5.877995711106521,89.16790256133446,1.2119689583778381,3.931282318555392,0.2642638511382617,5.877995711106521,0.38630234278165376,0.0032033378867289196,1.3386677503585815,258.18119635948767,65.75753826361436
87,99.30073199867124,98.96251683048612,99.64604817353569,5.772022390365601,91.52500581741333,2.8480718433856964,3.169148201942444,0.06059068711008877,5.772022390365601,0.29469181209802625,0.009168841419741511,0.8802316558361053,227.72540092468262,72.0880753993988,98.35713876436513,98.25017827162925,98.46920052943629,5.87642948444073,89.13910664044894,1.1971997584287937,3.9207401825831485,0.2519763693786584,5.87642948444073,0.3879140202815716,0.00317962163199599,1.3398378308002765,252.96987240131085,65.79901621891902
88,99.34854618503567,98.96469805774458,99.73808397426924,5.856553997993469,91.4904043674469,2.8225501418113708,3.2053953647613525,0.0533603279851377,5.856553997993469,0.29900833904743196,0.008862123806029559,0.8911628949642182,230.32512359619142,71.84796845912933,98.35120675354855,98.35608743698467,98.35162523085859,5.874141986553486,89.23645982375511,1.2037991789671092,3.94950532913208,0.27830937332831895,5.874141986553486,0.38900638543642485,0.003199974486890894,1.3423018088707557,254.59379783043494,65.84907724307133
89,99.38064624193383,99.0625977452396,99.70240764353152,5.7855112266540525,91.55944979190826,2.8892958521842957,3.184683952331543,0.054479027707129715,5.7855112266540525,0.29610723853111265,0.009173418879508972,0.8961662697792053,228.81050071716308,71.52808952331543,98.35108534034615,98.30934237009092,98.39882613112943,5.878384315050566,89.29703189776494,1.2377352095567262,3.948230578349187,0.2721265938419562,5.878384315050566,0.38992936794574445,0.003176964747791107,1.3450835576424232,251.98046317467322,66.12374690862802
90,99.36034430723555,99.0505732571456,99.67380491665902,5.814555931091308,91.76859819889069,2.827622175216675,3.186277804374695,0.058027136877644804,5.814555931091308,0.2931836810708046,0.008958123894408344,0.8861359238624573,222.8147596359253,71.94709837436676,98.33243735508978,98.20021914796426,98.46920052943629,5.8805060019859905,89.1311723452348,1.2324217363045766,3.939703262769259,0.2648085762674992,5.8805060019859905,0.39072901239761937,0.0032450138913610806,1.342558278487279,255.18701259906476,65.87071051964394
91,99.38677474526723,99.0722896002405,99.70583952018418,5.817408428192139,91.64725255966187,2.8935925722122193,3.1821505212783814,0.053435722291469576,5.817408428192139,0.2931678956747055,0.009231866681948303,0.8855579817295074,219.89441347122192,71.89658808708191,98.27875296468817,98.19698448064112,98.36515328476175,5.876130544222319,89.20688904248752,1.2561234086751938,3.9498123205625095,0.2746021097096113,5.876130544222319,0.3913667775117434,0.0031947938438791493,1.3439688728405879,250.9630584716797,66.18062991362352
92,99.39168181010447,99.07543786556438,99.71139798091727,5.827376976013183,91.66769111156464,2.854326131939888,3.1806638860702514,0.0524832502566278,5.827376976013183,0.2965193697810173,0.009056567968800664,0.8792238533496857,225.82927837371827,72.176464676857,98.2849404615122,98.1923392083792,98.384574425667,5.875566555903508,89.26603289750906,1.2194925661270435,3.949161621240469,0.27229344472289085,5.875566555903508,0.39163843714273894,0.003207192809965748,1.3456315352366521,252.20565649179312,66.16831009204572
