change_acc,close_acc_1,close_acc_2,count_exact_acc,count_mae,day_acc,duration_mae_minutes,elapsed_sec,epoch,expected_count_mae,lr,model,selection_score,start_exact_acc,start_mae_minutes,start_tol_10m,start_tol_5m,time_exact_acc,train_change_acc,train_close_acc_1,train_close_acc_2,train_count_exact_acc,train_count_mae,train_day_acc,train_duration_mae_minutes,train_expected_count_mae,train_loss,train_start_exact_acc,train_start_mae_minutes,train_start_tol_10m,train_start_tol_5m,train_time_exact_acc,val_loss
68.99038461538461,59.61538461538461,70.4326923076923,31.009615384615383,2.2427884615384617,,,1.312347412109375,1,2.243966194299551,0.0003,occurrence_residual,31.855865992032562,,,,,,68.81648936170212,52.726063829787236,62.765957446808514,25.06648936170213,2.7147606382978724,,,2.351856061752806,3.154048275440297,,,,,,2.7816751186664286
75.24038461538461,63.46153846153846,73.79807692307692,34.61538461538461,1.9591346153846154,,,0.7911331653594971,2,2.19851736839001,0.0003,occurrence_residual,39.88381514182456,,,,,,76.6622340425532,60.77127659574468,70.81117021276596,28.98936170212766,2.293218085106383,,,2.304899941099451,2.7886287912409355,,,,,,2.59391450881958
81.97115384615384,65.625,74.51923076923077,37.5,2.0288461538461537,,,0.7061457633972168,3,2.082698730322031,0.0003,occurrence_residual,44.104301232558036,,,,,,78.98936170212765,61.369680851063826,73.47074468085107,33.1781914893617,2.0977393617021276,,,2.223046673105118,2.59461635985273,,,,,,2.4544556874495287
76.6826923076923,69.23076923076923,77.40384615384616,41.58653846153846,1.75,,,0.6864111423492432,4,1.9614347311166616,0.0003,occurrence_residual,51.63983799861027,,,,,,79.85372340425532,64.96010638297872,74.60106382978724,33.577127659574465,2.0538563829787235,,,2.1262115493733833,2.504556615301903,,,,,,2.369161679194524
78.125,70.4326923076923,78.84615384615384,40.14423076923077,1.6971153846153846,,,0.806337833404541,5,1.808693894973168,0.0003,occurrence_residual,51.796474420107316,,,,,,78.65691489361703,66.82180851063829,77.32712765957447,36.7686170212766,1.8371010638297873,,,1.963167834789195,2.387210168737046,,,,,,2.2822398589207578
80.52884615384616,69.23076923076923,79.32692307692308,41.82692307692308,1.7043269230769231,,,0.6673235893249512,6,1.6581398248672485,0.0003,occurrence_residual,53.84340223899254,,,,,,80.25265957446808,67.88563829787235,78.98936170212765,37.765957446808514,1.7506648936170213,,,1.8392534864709733,2.344880220737863,,,,,,2.218255950854375
79.32692307692308,69.95192307692308,79.08653846153847,41.58653846153846,1.6971153846153846,,,0.6205835342407227,7,1.6012829358761127,0.0003,occurrence_residual,54.02034902572631,,,,,,80.58510638297872,69.21542553191489,78.92287234042553,38.6968085106383,1.7293882978723405,,,1.7581150810769264,2.2696456376542438,,,,,,2.1724659387881937
81.00961538461539,70.67307692307692,80.04807692307692,41.82692307692308,1.6634615384615385,,,0.6505908966064453,8,1.5293500881928663,0.0003,occurrence_residual,55.238368877997765,,,,,,80.91755319148936,70.34574468085107,80.11968085106383,38.763297872340424,1.6422872340425532,,,1.653846876418337,2.2217256033674198,,,,,,2.1266633730668287
83.17307692307692,72.35576923076923,81.49038461538461,43.02884615384615,1.5,,,0.7657859325408936,9,1.47747187431042,0.0003,occurrence_residual,58.7607855796814,,,,,,80.65159574468085,71.47606382978724,79.7872340425532,41.888297872340424,1.5944148936170213,,,1.6229803283163842,2.1894860774912734,,,,,,2.0946776133317213
82.45192307692308,73.3173076923077,81.73076923076923,44.23076923076923,1.5024038461538463,,,0.6719455718994141,10,1.4558898760722234,0.0003,occurrence_residual,60.29422895724956,,,,,,81.51595744680851,72.40691489361703,81.78191489361703,40.890957446808514,1.5372340425531914,,,1.5860687798642097,2.1501988121803772,,,,,,2.0746224568440366
81.49038461538461,73.5576923076923,83.17307692307692,45.43269230769231,1.4495192307692308,,,0.6365189552307129,11,1.3971328001755934,0.0003,occurrence_residual,62.142238030066856,,,,,,83.77659574468085,73.60372340425532,82.31382978723404,42.619680851063826,1.456781914893617,,,1.5178899257741076,2.1007603838088666,,,,,,2.0469886523026686
82.45192307692308,74.27884615384616,83.65384615384616,45.67307692307692,1.4110576923076923,,,0.7894246578216553,12,1.3814907807570238,0.0003,occurrence_residual,63.101440723125734,,,,,,82.9122340425532,74.86702127659575,83.44414893617021,42.5531914893617,1.4109042553191489,,,1.492108499750178,2.1023764305926385,,,,,,2.0247796132014346
81.49038461538461,74.75961538461539,84.85576923076923,46.875,1.4110576923076923,,,0.815847635269165,13,1.3441438445678124,0.0003,occurrence_residual,64.52486692942107,,,,,,83.31117021276596,74.20212765957447,84.04255319148936,43.41755319148936,1.4148936170212767,,,1.4958350201870532,2.0691343368367945,,,,,,1.9992700540102446
82.9326923076923,75.0,84.85576923076923,43.99038461538461,1.3413461538461537,,,0.6983556747436523,14,1.351161736708421,0.0003,occurrence_residual,62.398237668550934,,,,,,82.9122340425532,76.13031914893617,84.30851063829788,44.74734042553192,1.3690159574468086,,,1.4735015072721116,2.045472114644152,,,,,,1.9980254448377168
82.21153846153847,74.51923076923077,83.17307692307692,47.59615384615385,1.3581730769230769,,,0.6887316703796387,15,1.3003708445108855,0.0003,occurrence_residual,65.8321704681103,,,,,,83.71010638297872,75.99734042553192,84.84042553191489,44.680851063829785,1.3803191489361701,,,1.4311091291143538,2.033857596681473,,,,,,1.9623470581494844
82.9326923076923,76.92307692307692,85.57692307692308,47.59615384615385,1.2596153846153846,,,0.7685258388519287,16,1.2946675007159894,0.0003,occurrence_residual,67.55690692021297,,,,,,83.77659574468085,75.59840425531915,85.1063829787234,45.6781914893617,1.358377659574468,,,1.4073139074000907,1.998063990410338,,,,,,1.9444429140824537
82.6923076923077,76.92307692307692,85.8173076923077,47.83653846153846,1.28125,,,0.7999987602233887,17,1.2701192544056819,0.0003,occurrence_residual,67.69836913622343,,,,,,84.50797872340425,76.72872340425532,84.50797872340425,47.53989361702128,1.331781914893617,,,1.3813562976553084,1.968172737892638,,,,,,1.9284419738329375
84.375,76.6826923076923,87.01923076923077,47.59615384615385,1.1466346153846154,,,0.7585084438323975,18,1.263919160916255,0.0003,occurrence_residual,68.64384258710422,,,,,,83.84308510638297,77.06117021276596,86.17021276595744,47.6063829787234,1.2533244680851063,,,1.354371557844446,1.9479255980633674,,,,,,1.9183478997303889
82.9326923076923,77.16346153846153,86.53846153846153,47.83653846153846,1.1538461538461537,,,0.7141776084899902,19,1.232975693849417,0.0003,occurrence_residual,68.97434722460234,,,,,,85.1063829787234,77.32712765957447,86.30319148936171,46.21010638297872,1.2792553191489362,,,1.3275246810405812,1.939405989139638,,,,,,1.903215188246507
82.45192307692308,77.40384615384616,87.01923076923077,48.07692307692308,1.0841346153846154,,,0.6899135112762451,20,1.1988383394021254,0.0003,occurrence_residual,69.94503125777611,,,,,,84.64095744680851,77.92553191489361,86.43617021276596,48.005319148936174,1.228058510638298,,,1.3107269368273147,1.912123609096446,,,,,,1.8824123052450328
83.65384615384616,77.88461538461539,87.74038461538461,48.55769230769231,1.0336538461538463,,,0.5827634334564209,21,1.1598348021507263,0.0003,occurrence_residual,71.27412232985863,,,,,,84.30851063829788,79.98670212765957,87.63297872340425,50.13297872340426,1.1555851063829787,,,1.2437786992560043,1.857727755891516,,,,,,1.8580479071690486
83.17307692307692,78.125,87.98076923076923,48.55769230769231,1.0144230769230769,,,0.5997846126556396,22,1.151362575017489,0.0003,occurrence_residual,71.49791508454543,,,,,,85.50531914893617,77.32712765957447,87.23404255319149,48.736702127659576,1.1761968085106382,,,1.2624642050012629,1.8491127490997314,,,,,,1.8474768033394446
84.13461538461539,78.36538461538461,88.46153846153847,48.79807692307692,1.0072115384615385,,,0.5965476036071777,23,1.1100243696799645,0.0003,occurrence_residual,72.14163329051091,,,,,,85.57180851063829,78.45744680851064,88.16489361702128,51.263297872340424,1.1190159574468086,,,1.2341856728208827,1.8403546607240717,,,,,,1.8255270261030931
85.33653846153847,78.36538461538461,87.98076923076923,50.0,1.0144230769230769,,,0.6908602714538574,24,1.1003493529099684,0.0003,occurrence_residual,73.44475643451398,,,,,,85.37234042553192,79.52127659574468,88.49734042553192,49.534574468085104,1.0638297872340425,,,1.1740951677586169,1.815405637659925,,,,,,1.8109618058571448
84.61538461538461,78.84615384615384,88.70192307692308,50.0,0.9711538461538461,,,0.7249538898468018,25,1.0404768815407386,0.0003,occurrence_residual,74.12655401229858,,,,,,85.97074468085107,79.65425531914893,88.63031914893617,49.86702127659574,1.0525265957446808,,,1.1867843282983659,1.7899852230193767,,,,,,1.7844722362665029
84.61538461538461,79.08653846153847,88.22115384615384,49.75961538461539,0.9807692307692307,,,0.7470927238464355,26,1.0223584954555218,0.0003,occurrence_residual,73.9658544797164,,,,,,85.97074468085107,81.64893617021276,89.49468085106383,51.9281914893617,0.9700797872340425,,,1.1274867615801223,1.7711377118496185,,,,,,1.783684097803556
84.61538461538461,79.08653846153847,87.98076923076923,49.51923076923077,0.9855769230769231,,,0.7221322059631348,27,0.9971492840693548,0.0003,occurrence_residual,73.78784517141489,,,,,,85.77127659574468,81.38297872340425,89.22872340425532,51.662234042553195,0.9993351063829787,,,1.1121663108785103,1.76032011559669,,,,,,1.7794751937572773
84.375,78.125,88.70192307692308,50.96153846153846,0.9807692307692307,,,0.7034173011779785,28,0.9798046258779672,0.0003,occurrence_residual,74.97741611187274,,,,,,85.90425531914893,81.78191489361703,89.49468085106383,51.59574468085106,0.9820478723404256,,,1.0572955380094813,1.7236832202749048,,,,,,1.762759071130019
84.61538461538461,79.32692307692308,88.70192307692308,50.72115384615385,0.9423076923076923,,,0.7633781433105469,29,0.9752066227105948,0.0003,occurrence_residual,75.50782735531148,,,,,,87.16755319148936,80.91755319148936,88.76329787234043,53.125,0.9827127659574468,,,1.1395787102110841,1.740323302593637,,,,,,1.7572207909363966
84.13461538461539,79.8076923076923,88.46153846153847,50.0,0.96875,,,0.7526116371154785,30,0.9701578800494854,0.0003,occurrence_residual,74.7155223259559,,,,,,86.56914893617021,82.77925531914893,90.42553191489361,53.590425531914896,0.8829787234042553,,,1.0207220176432996,1.6856978446879285,,,,,,1.7609418630599976
85.09615384615384,80.04807692307692,88.9423076923077,50.48076923076923,0.9519230769230769,,,0.6454625129699707,31,0.9402752610353323,0.0003,occurrence_residual,75.6307258789356,,,,,,86.7686170212766,82.51329787234043,90.95744680851064,53.32446808510638,0.8982712765957447,,,0.9768852616878266,1.6813774514705577,,,,,,1.7332557623202984
84.375,81.49038461538461,89.90384615384616,52.16346153846154,0.9158653846153846,,,0.6600496768951416,32,0.920691600212684,0.0003,occurrence_residual,78.11290667607234,,,,,,87.5,82.9122340425532,90.625,55.18617021276596,0.8763297872340425,,,1.0158000759621884,1.6616458208002942,,,,,,1.7202768876002386
85.57692307692308,80.28846153846153,88.70192307692308,50.0,0.9735576923076923,,,0.6667509078979492,33,0.9158070821028489,0.0003,occurrence_residual,75.20696397928091,,,,,,87.16755319148936,82.57978723404256,91.48936170212765,55.119680851063826,0.8517287234042553,,,0.9898251371180757,1.6578256297618785,,,,,,1.7243025669684777
85.57692307692308,81.49038461538461,89.90384615384616,51.44230769230769,0.90625,,,0.5806710720062256,34,0.9034151939245371,0.0003,occurrence_residual,77.65797383968646,,,,,,88.36436170212765,82.38031914893617,90.22606382978724,54.3218085106383,0.901595744680851,,,0.9922483538059478,1.6563475689989455,,,,,,1.7340961144520686
85.8173076923077,81.97115384615384,89.66346153846153,51.44230769230769,0.9134615384615384,,,0.6544342041015625,35,0.9121465545434219,0.0003,occurrence_residual,77.75766378182631,,,,,,88.09840425531915,84.375,91.88829787234043,55.319148936170215,0.8264627659574468,,,0.9539026491185452,1.621530073754331,,,,,,1.7151039838790894
86.0576923076923,81.00961538461539,88.70192307692308,51.44230769230769,0.9375,,,0.9829516410827637,36,0.8925342238866366,0.0003,occurrence_residual,77.33130541214577,,,,,,88.09840425531915,83.6436170212766,91.95478723404256,55.38563829787234,0.8264627659574468,,,0.9491934205623384,1.609171380387976,,,,,,1.7209667976085956
85.09615384615384,81.00961538461539,88.46153846153847,52.40384615384615,0.9591346153846154,,,0.7974376678466797,37,0.8930733754084661,0.0003,occurrence_residual,78.02145649836613,,,,,,88.56382978723404,83.44414893617021,90.95744680851064,56.515957446808514,0.8304521276595744,,,0.93992325473339,1.6059330473554896,,,,,,1.7166302295831533
83.41346153846153,81.97115384615384,88.9423076923077,50.96153846153846,0.9447115384615384,,,0.7257959842681885,38,0.8946006068816552,0.0003,occurrence_residual,76.85669372631952,,,,,,88.76329787234043,85.63829787234043,92.75265957446808,58.84308510638298,0.7666223404255319,,,0.9043200263317596,1.563453529743438,,,,,,1.7304202684989343
84.13461538461539,81.97115384615384,89.42307692307692,51.92307692307692,0.9134615384615384,,,0.7141499519348145,39,0.881442707318526,0.0003,occurrence_residual,78.19297917072588,,,,,,88.9627659574468,83.24468085106383,90.89095744680851,57.24734042553192,0.8324468085106383,,,0.9327369738132396,1.5853892970592418,,,,,,1.7137684730383067
84.85576923076923,81.73076923076923,89.1826923076923,51.68269230769231,0.9254807692307693,,,0.7658345699310303,40,0.8445621683047368,0.0003,occurrence_residual,77.99194363447334,,,,,,88.89627659574468,83.84308510638297,92.02127659574468,56.515957446808514,0.7852393617021277,,,0.8782212715199653,1.5626495112764074,,,,,,1.6900905554111187
85.09615384615384,81.25,88.9423076923077,52.40384615384615,0.9326923076923077,,,0.7585232257843018,41,0.8541209101676941,0.0003,occurrence_residual,78.47293943625229,,,,,,89.36170212765957,85.70478723404256,92.75265957446808,58.71010638297872,0.7460106382978723,,,0.8466526555254105,1.5262752188012956,,,,,,1.6840707063674927
83.65384615384616,82.45192307692308,90.38461538461539,53.84615384615385,0.8942307692307693,,,0.708162784576416,42,0.8751460038698636,0.0003,occurrence_residual,80.41528136913591,,,,,,89.56117021276596,85.23936170212765,92.81914893617021,58.84308510638298,0.757313829787234,,,0.8594379558208141,1.5168068383602387,,,,,,1.7124264790461614
85.33653846153847,81.25,88.9423076923077,53.60576923076923,0.9014423076923077,,,0.7048189640045166,43,0.8644010378764226,0.0003,occurrence_residual,79.90778046387891,,,,,,88.36436170212765,85.50531914893617,92.95212765957447,58.909574468085104,0.742686170212766,,,0.8439813585991555,1.5059315625657426,,,,,,1.693725925225478
85.33653846153847,81.97115384615384,88.70192307692308,52.64423076923077,0.9158653846153846,,,0.7154228687286377,44,0.8525262933511001,0.0003,occurrence_residual,79.13076021121097,,,,,,88.89627659574468,84.97340425531915,92.35372340425532,59.308510638297875,0.7672872340425532,,,0.8616969166918004,1.5266025751195056,,,,,,1.6776261513049786
85.09615384615384,82.21153846153847,89.1826923076923,53.60576923076923,0.9086538461538461,,,0.7760686874389648,45,0.86103388437858,0.0003,occurrence_residual,80.176056770178,,,,,,89.82712765957447,84.24202127659575,92.22074468085107,59.308510638297875,0.7539893617021277,,,0.8441920546775169,1.5153505776790863,,,,,,1.6981025200623732
84.375,82.45192307692308,90.38461538461539,53.125,0.8894230769230769,,,0.78255295753479,46,0.8515691757202148,0.0003,occurrence_residual,79.89901175865761,,,,,,89.36170212765957,86.30319148936171,92.0877659574468,61.83510638297872,0.7367021276595744,,,0.8433275717370053,1.4872873818620722,,,,,,1.6976997944024892
84.85576923076923,82.6923076923077,89.42307692307692,55.76923076923077,0.8485576923076923,,,0.7516541481018066,47,0.8217739050204937,0.0003,occurrence_residual,83.12155822607187,,,,,,90.625,85.8377659574468,93.21808510638297,59.50797872340426,0.7446808510638298,,,0.8284625658329497,1.4871183633804321,,,,,,1.6742905378341675
85.09615384615384,82.45192307692308,89.1826923076923,52.88461538461539,0.9206730769230769,,,0.7314314842224121,48,0.8444495980556195,0.0003,occurrence_residual,79.50922083854677,,,,,,91.09042553191489,86.7686170212766,93.15159574468085,61.83510638297872,0.6768617021276596,,,0.7960263655540791,1.4483184421316107,,,,,,1.6939155505253718
84.61538461538461,81.97115384615384,89.1826923076923,54.32692307692308,0.8894230769230769,,,0.7670803070068359,49,0.8186126534755414,0.0003,occurrence_residual,81.08853015532861,,,,,,91.15691489361703,85.70478723404256,92.95212765957447,62.566489361702125,0.7101063829787234,,,0.830735888252867,1.4509399495226272,,,,,,1.681557792883653
84.13461538461539,83.65384615384616,89.90384615384616,52.88461538461539,0.8894230769230769,,,0.7476933002471924,50,0.8278311903660114,0.0003,occurrence_residual,80.15021370007442,,,,,,89.8936170212766,85.90425531914893,93.0186170212766,61.43617021276596,0.6968085106382979,,,0.7904283347282004,1.457750325507306,,,,,,1.6765847481214082
84.85576923076923,81.49038461538461,89.1826923076923,53.84615384615385,0.8918269230769231,,,0.7402763366699219,51,0.8339945903191199,0.0003,occurrence_residual,80.38277163872351,,,,,,89.96010638297872,86.56914893617021,93.68351063829788,63.36436170212766,0.6642287234042553,,,0.7860293401048538,1.4335616015373391,,,,,,1.6783701548209558
83.41346153846153,82.21153846153847,90.14423076923077,53.36538461538461,0.8870192307692307,,,0.7631185054779053,52,0.832550796178671,0.0003,occurrence_residual,80.0544121999007,,,,,,91.02393617021276,86.0372340425532,92.95212765957447,62.63297872340426,0.6894946808510638,,,0.7884605634719768,1.4337730027259665,,,,,,1.6990605592727661
85.33653846153847,83.17307692307692,89.66346153846153,55.28846153846154,0.8557692307692307,,,0.786156177520752,53,0.8197527573658869,0.0003,occurrence_residual,82.80752743207492,,,,,,92.0877659574468,87.56648936170212,93.94946808510639,63.829787234042556,0.6303191489361702,,,0.7514389550432246,1.3990605968110106,,,,,,1.6848582029342651
84.61538461538461,82.21153846153847,89.42307692307692,55.04807692307692,0.8677884615384616,,,0.7774498462677002,54,0.8131706668780401,0.00015,occurrence_residual,82.088663486334,,,,,,91.42287234042553,87.16755319148936,92.95212765957447,63.03191489361702,0.6768617021276596,,,0.7758429665514763,1.4088110695493983,,,,,,1.6769183323933528
85.33653846153847,83.17307692307692,90.14423076923077,55.04807692307692,0.8846153846153846,,,0.8007006645202637,55,0.8222089088880099,0.00015,occurrence_residual,82.32654897983258,,,,,,91.42287234042553,86.50265957446808,92.75265957446808,64.56117021276596,0.6662234042553191,,,0.7594982930954467,1.3929681549680994,,,,,,1.6955995926490197
85.09615384615384,83.65384615384616,90.14423076923077,54.32692307692308,0.8557692307692307,,,0.7840371131896973,56,0.8088150391211877,0.00015,occurrence_residual,82.03397061274602,,,,,,92.48670212765957,87.76595744680851,94.08244680851064,64.56117021276596,0.6110372340425532,,,0.7174228734158455,1.377373030845155,,,,,,1.675289933498089
85.09615384615384,82.9326923076923,89.90384615384616,54.80769230769231,0.8581730769230769,,,0.694976806640625,57,0.8142801523208618,0.00015,occurrence_residual,82.22124477533194,,,,,,92.0877659574468,86.30319148936171,93.08510638297872,63.630319148936174,0.7041223404255319,,,0.7735034848781343,1.3971734934664788,,,,,,1.6805422397760243
84.13461538461539,82.9326923076923,89.90384615384616,54.08653846153846,0.8846153846153846,,,0.6894412040710449,58,0.8322105591113751,0.00015,occurrence_residual,81.12067699432373,,,,,,92.48670212765957,87.03457446808511,92.95212765957447,63.297872340425535,0.6848404255319149,,,0.7514991227616655,1.3888740818551246,,,,,,1.6935377671168401
85.09615384615384,82.45192307692308,90.14423076923077,54.80769230769231,0.8557692307692307,,,0.7068984508514404,59,0.8157017322687002,0.00015,occurrence_residual,82.06651999400214,,,,,,92.2872340425532,88.09840425531915,93.88297872340425,66.42287234042553,0.5990691489361702,,,0.7269729337793716,1.3419811319797597,,,,,,1.6902001729378333
84.85576923076923,82.45192307692308,89.1826923076923,54.80769230769231,0.8870192307692307,,,0.7092611789703369,60,0.8281955902393048,0.00015,occurrence_residual,81.74250610058125,,,,,,91.82180851063829,87.5,94.28191489361703,65.75797872340425,0.6210106382978723,,,0.7231236861107198,1.3391952007374865,,,,,,1.6988021318729107
84.61538461538461,82.45192307692308,89.90384615384616,55.28846153846154,0.8774038461538461,,,0.7372474670410156,61,0.8168041660235479,7.5e-05,occurrence_residual,82.32172564359811,,,,,,93.08510638297872,88.03191489361703,94.08244680851064,66.68882978723404,0.6017287234042553,,,0.710020123327032,1.3328513008482912,,,,,,1.6950714313066924
84.61538461538461,82.6923076923077,90.38461538461539,54.08653846153846,0.875,,,0.5956053733825684,62,0.8209660924397982,7.5e-05,occurrence_residual,81.20652024562543,,,,,,92.75265957446808,89.02925531914893,94.14893617021276,66.68882978723404,0.5824468085106383,,,0.7294637180389242,1.3343571957121505,,,,,,1.6868900610850408
84.85576923076923,81.97115384615384,89.66346153846153,54.80769230769231,0.8725961538461539,,,0.7725579738616943,63,0.8160000351759104,7.5e-05,occurrence_residual,81.7384037054502,,,,,,92.81914893617021,88.56382978723404,94.54787234042553,67.02127659574468,0.5751329787234043,,,0.725265199833728,1.3213644636438249,,,,,,1.6886113056769738
85.8173076923077,83.17307692307692,89.90384615384616,56.73076923076923,0.8413461538461539,,,0.754478931427002,64,0.8105827157314007,7.5e-05,occurrence_residual,84.44997682938211,,,,,,92.15425531914893,88.76329787234043,94.54787234042553,66.02393617021276,0.5857712765957447,,,0.7049913025916891,1.3218651845100078,,,,,,1.6834368980847871
85.8173076923077,81.73076923076923,89.42307692307692,54.32692307692308,0.8846153846153846,,,0.7109827995300293,65,0.8116760024657617,7.5e-05,occurrence_residual,81.19079599013695,,,,,,93.0186170212766,89.49468085106383,94.41489361702128,68.15159574468085,0.5625,,,0.6890789441605831,1.295547437160573,,,,,,1.6902212363023024
85.33653846153847,82.45192307692308,90.14423076923077,56.49038461538461,0.8509615384615384,,,0.7302277088165283,66,0.811011016368866,7.5e-05,occurrence_residual,83.83047516529376,,,,,,93.68351063829788,88.69680851063829,94.41489361702128,66.82180851063829,0.5797872340425532,,,0.6800728960240141,1.3075053742591372,,,,,,1.6889338218248808
85.33653846153847,82.6923076923077,90.38461538461539,56.00961538461539,0.8581730769230769,,,0.704484224319458,67,0.8121664982575637,7.5e-05,occurrence_residual,83.37152631466205,,,,,,92.75265957446808,88.03191489361703,93.94946808510639,67.15425531914893,0.5871010638297872,,,0.7196252523584569,1.3065383383568296,,,,,,1.6964097756605883
85.33653846153847,83.17307692307692,90.86538461538461,54.80769230769231,0.8533653846153846,,,0.746443510055542,68,0.81273130270151,3.75e-05,occurrence_residual,82.37407478919394,,,,,,93.94946808510639,87.96542553191489,93.81648936170212,68.28457446808511,0.620345744680851,,,0.7453459590039355,1.319777451931162,,,,,,1.6978614238592296
84.61538461538461,82.21153846153847,90.14423076923077,55.52884615384615,0.8581730769230769,,,0.7735426425933838,69,0.808498896085299,3.75e-05,occurrence_residual,82.66504287719727,,,,,,92.88563829787235,87.83244680851064,94.28191489361703,66.82180851063829,0.5930851063829787,,,0.6966690383058913,1.3143393486104114,,,,,,1.6985372121517475
84.375,82.9326923076923,90.38461538461539,55.04807692307692,0.8653846153846154,,,0.7351758480072021,70,0.8155451646217933,3.75e-05,occurrence_residual,82.32676164920514,,,,,,93.28457446808511,87.76595744680851,93.48404255319149,65.35904255319149,0.6349734042553191,,,0.7227543972908183,1.3282077388560518,,,,,,1.7020032956049993
84.375,82.6923076923077,90.14423076923077,55.52884615384615,0.8509615384615384,,,0.7643365859985352,71,0.813362364585583,3.75e-05,occurrence_residual,82.8475120801192,,,,,,93.0186170212766,89.09574468085107,95.01329787234043,66.62234042553192,0.5605053191489362,,,0.6835657478647029,1.3090030741184315,,,,,,1.7016651355303252
85.09615384615384,82.9326923076923,90.38461538461539,55.28846153846154,0.8701923076923077,,,0.8448998928070068,72,0.8146144564335163,3.75e-05,occurrence_residual,82.60452294349669,,,,,,93.68351063829788,88.69680851063829,94.94680851063829,66.28989361702128,0.5784574468085106,,,0.7085898245902772,1.316319965301676,,,,,,1.6987253244106586
84.85576923076923,82.45192307692308,90.14423076923077,55.28846153846154,0.8846153846153846,,,0.7290377616882324,73,0.813430286370791,3.75e-05,occurrence_residual,82.30156731605528,,,,,,93.35106382978724,88.82978723404256,94.61436170212765,67.61968085106383,0.5598404255319149,,,0.6626429006140283,1.2772778982811785,,,,,,1.699538175876324
85.09615384615384,82.45192307692308,90.14423076923077,55.28846153846154,0.8822115384615384,,,0.7634341716766357,74,0.8082554294512823,3.75e-05,occurrence_residual,82.36553597450256,,,,,,93.0186170212766,88.09840425531915,94.28191489361703,66.3563829787234,0.586436170212766,,,0.6839561976016836,1.313170849008763,,,,,,1.6961846810120802
85.8173076923077,82.45192307692308,90.625,55.28846153846154,0.8701923076923077,,,0.7620766162872314,75,0.8090379559076749,1.875e-05,occurrence_residual,82.53067509944621,,,,,,93.94946808510639,88.82978723404256,94.41489361702128,69.61436170212765,0.555186170212766,,,0.6828975988195297,1.2772118335074567,,,,,,1.6959549463712251
85.09615384615384,82.45192307692308,90.625,55.28846153846154,0.8701923076923077,,,0.7190966606140137,76,0.8091086974510779,1.875e-05,occurrence_residual,82.45827674865723,,,,,,93.28457446808511,88.49734042553192,94.54787234042553,67.35372340425532,0.5771276595744681,,,0.6910654141547832,1.2931299387140478,,,,,,1.6947421935888438
85.09615384615384,82.21153846153847,90.625,54.80769230769231,0.875,,,0.7352170944213867,77,0.8107180549548223,1.875e-05,occurrence_residual,81.84847393402687,,,,,,93.68351063829788,88.09840425531915,94.41489361702128,68.21808510638297,0.5644946808510638,,,0.6774693752856965,1.2835074041752106,,,,,,1.6979504915384145
85.09615384615384,82.21153846153847,90.625,55.28846153846154,0.8701923076923077,,,0.7067062854766846,78,0.8078932211949275,1.875e-05,occurrence_residual,82.37900403829721,,,,,,92.81914893617021,88.09840425531915,94.74734042553192,67.22074468085107,0.5791223404255319,,,0.6884310835219444,1.299700049643821,,,,,,1.6961079560793364
84.85576923076923,82.21153846153847,90.625,55.04807692307692,0.8725961538461539,,,0.7016723155975342,79,0.8085560019199665,1.875e-05,occurrence_residual,82.09269906924321,,,,,,93.08510638297872,88.82978723404256,94.94680851063829,67.48670212765957,0.555186170212766,,,0.6944952233040587,1.2999997937932928,,,,,,1.695473313331604
84.85576923076923,82.45192307692308,90.625,55.52884615384615,0.8653846153846154,,,0.6559221744537354,80,0.8123812400377713,1.875e-05,occurrence_residual,82.69999427061813,,,,,,93.75,87.43351063829788,93.41755319148936,66.88829787234043,0.6083776595744681,,,0.6798410345899298,1.2877023816108704,,,,,,1.7000919763858502
84.85576923076923,82.9326923076923,90.86538461538461,55.52884615384615,0.8533653846153846,,,0.7252593040466309,81,0.8134617576232324,1.875e-05,occurrence_residual,82.96009527719936,,,,,,92.55319148936171,88.76329787234043,94.68085106382979,68.15159574468085,0.5664893617021277,,,0.6652354461715576,1.2811962886059538,,,,,,1.6995227061785185
84.375,82.6923076923077,90.625,55.76923076923077,0.8605769230769231,,,0.6843621730804443,82,0.8095011894519513,1e-05,occurrence_residual,83.02641831911527,,,,,,93.35106382978724,88.89627659574468,94.61436170212765,68.61702127659575,0.5492021276595744,,,0.6650231467916611,1.2922717852795378,,,,,,1.6952367287415724
84.61538461538461,82.6923076923077,90.625,55.52884615384615,0.8629807692307693,,,0.7405579090118408,83,0.8093852721727811,1e-05,occurrence_residual,82.79130506515502,,,,,,94.34840425531915,89.36170212765957,94.54787234042553,69.28191489361703,0.5472074468085106,,,0.6620012268106988,1.2738366012877607,,,,,,1.6953729024300208
84.85576923076923,82.45192307692308,90.625,55.52884615384615,0.8653846153846154,,,0.703603982925415,84,0.8083899112848135,1e-05,occurrence_residual,82.71595958562997,,,,,,94.08244680851064,87.36702127659575,94.61436170212765,69.41489361702128,0.5711436170212766,,,0.6780254038724494,1.2688566928214216,,,,,,1.6937159666648278
84.61538461538461,82.45192307692308,90.625,55.28846153846154,0.8677884615384616,,,0.72627854347229,85,0.8102686359332159,1e-05,occurrence_residual,82.42479084088252,,,,,,94.01595744680851,87.76595744680851,94.01595744680851,66.42287234042553,0.605718085106383,,,0.6754237524372466,1.2892781901866832,,,,,,1.6955511478277354
84.61538461538461,82.45192307692308,90.625,55.76923076923077,0.8629807692307693,,,0.7057852745056152,86,0.8095031839150649,1e-05,occurrence_residual,82.94708341818588,,,,,,92.95212765957447,89.36170212765957,94.81382978723404,68.21808510638297,0.5485372340425532,,,0.6595336049795151,1.2836135042474626,,,,,,1.6947504832194402
84.85576923076923,82.45192307692308,90.625,55.76923076923077,0.8629807692307693,,,0.7342679500579834,87,0.8078491596075205,1e-05,occurrence_residual,82.97773797695451,,,,,,93.81648936170212,89.69414893617021,95.2127659574468,68.41755319148936,0.5478723404255319,,,0.6741710837851179,1.2717365216701588,,,,,,1.6935180975840642
84.85576923076923,82.21153846153847,90.625,55.76923076923077,0.8653846153846154,,,0.6772291660308838,88,0.8075238374563364,1e-05,occurrence_residual,82.87567388094388,,,,,,94.14893617021276,88.82978723404256,94.68085106382979,68.48404255319149,0.5598404255319149,,,0.6581047798724885,1.273323675419422,,,,,,1.6940392072384174
,,,,,94.40083371268378,4.987755101404073,17.051040410995483,1,,0.0003,temporal_direct,98.4032540169763,70.93062463365955,119.9533155358132,74.0707211656335,71.21354643209482,71.93706572791676,,,,,,83.18195124914077,6.337226252861089,,2.4652121951835793,50.252308186053405,459.3602348611429,54.52710659691104,50.8722620929195,53.957614234961234,1.3675462989895433
,,,,,95.0203541620278,2.5684380793461092,16.471132278442383,2,,0.0003,temporal_direct,103.65333937547733,73.57980141669144,111.94841758244567,77.74982301541317,73.86272317833371,75.12636640925466,,,,,,93.1588833101068,4.420775778359608,,1.4134594616592961,68.75721084205337,145.1322848687535,72.57064774787138,69.29786821962641,70.35755702781017,1.122493965390288
,,,,,95.69019638461832,3.3919306747891285,16.797722816467285,3,,0.0003,temporal_direct,112.3984866283696,78.15910916269561,91.52492881511097,82.53601024180283,78.62207234641652,79.21587272926614,,,,,,94.40599985188679,3.9922146416659174,,1.1788600809021392,73.30594196864065,121.50411270481493,76.88869869007783,73.87543440277601,74.71165141432343,0.9798563144825123
,,,,,96.25939454561399,3.270878159429556,16.571858406066895,4,,0.0003,temporal_direct,115.65266448882535,79.96287529851183,76.87416331911528,83.28636781668958,80.32295755398127,80.65955609451106,,,,,,95.22779905672304,3.6725058646350583,,1.0366269568670992,76.08131685883941,102.91703018143927,79.59919452254748,76.53546916984769,77.23471938945018,0.9398399481066951
,,,,,96.38687732778949,2.740707270985032,16.9594624042511,5,,0.0003,temporal_direct,114.40018786357051,78.98550912921812,77.27562149687682,83.00456467234058,79.2169906106996,79.83651117042258,,,,,,95.6963687619536,3.5719435819292564,,0.9370765397292933,78.51067109091471,90.22311366553124,81.65369295743922,78.87110937012933,79.5631506245029,0.9736984188174024
,,,,,96.40924268298679,1.7545066788838601,16.529149055480957,6,,0.0003,temporal_direct,118.63959406822069,81.3495276334845,70.01453953484695,85.13486493884781,81.76105009552873,82.17369124845222,,,,,,96.17214737053973,3.434256154360656,,0.865457016394625,80.36332386175242,79.76824066011963,83.38379672241871,80.68050956643576,81.38696866876938,0.8827315933174558
,,,,,97.05671940320804,1.8587292651473373,16.50778579711914,7,,0.0003,temporal_direct,120.66892445708429,82.40629112646903,60.86056495039367,85.9858669432593,82.6377726447435,82.84353380217965,,,,,,96.48933297210087,3.391724442321949,,0.7978832688711094,82.10784520657417,70.74214462074853,85.05623025052688,82.4178221316486,83.00894073961516,0.8689760271413827
,,,,,97.13611661651989,1.853305646850739,16.707531690597534,8,,0.0003,temporal_direct,120.91489695063159,82.63553605403429,58.86563068646708,85.85391129240577,82.7898570416886,83.12645572939037,,,,,,97.0083639902227,3.3697376949358153,,0.7359182768627022,83.67935606765087,62.82944250126791,86.59169748167677,83.95328913592962,84.50836427896493,0.865497468062389
,,,,,96.92700056382168,2.423175049968708,17.064900398254395,9,,0.0003,temporal_direct,122.69940204176086,83.77169620843581,59.10667379145269,87.19471464922398,83.95173737296352,84.41581865887584,,,,,,97.15253931428322,3.3783882149981794,,0.6941732275444743,85.01297775849339,58.199251852542886,87.53604575424458,85.19319693934959,85.93569979535667,0.8320010499453839
,,,,,96.64743388140643,1.8342950937832578,16.599878787994385,10,,0.0003,temporal_direct,122.00856053850579,83.43397934495667,62.12051776157301,86.91179263003079,83.6140203991054,84.15526236280982,,,,,,97.44809847389539,3.241421659718748,,0.6528773952314185,85.92128229801217,53.14554647255728,88.35063648883859,86.10150145824393,86.76470788292406,0.8529774542943931
,,,,,97.13611705803577,3.548935504607212,16.83778715133667,11,,0.0003,temporal_direct,122.57655025982746,83.58606372350528,57.13606117350728,87.2204347157184,83.71466457107921,84.3084650275148,,,,,,97.72924046615415,3.202133895925997,,0.6198806295551643,87.01701463300051,46.40498986106791,89.59054425100966,87.18281623401444,87.78835256619436,0.8438371791515822
,,,,,97.31392139269983,2.8042808257871203,16.493922472000122,12,,0.0003,temporal_direct,126.23560709233085,85.62131167193989,49.53491384025525,89.12596330966478,85.77563258600824,86.13795141379039,,,,,,97.93108569709487,3.2583622660191414,,0.5868632774864514,88.01182421845961,42.454585940883234,90.29700308522551,88.15599956314456,88.8192059878247,0.8080712623066373
,,,,,97.21215897136264,2.194545152194706,16.62186360359192,13,,0.0003,temporal_direct,123.81929171982186,84.35878680076128,53.88257243888982,87.45303411542633,84.51310771482962,84.84970662328932,,,,,,98.1473485697512,3.239619468425797,,0.564244430886008,89.00663419578315,39.122333918153515,91.20530770724207,89.12918318101691,89.70588431226341,0.8494936961818624
,,,,,97.36536159927462,2.302458025974992,16.531466245651245,14,,0.0003,temporal_direct,126.5166607071864,85.82819087637796,47.46762774654744,88.94480391417021,85.95679187112384,86.31911047814805,,,,,,98.37802887787869,3.154916477657107,,0.5243405134620138,90.1456191259272,33.69413302425024,92.12802974410536,90.23212431623861,90.75115543748268,0.7847566426168253
,,,,,97.21663218957407,2.1762055600131,16.93656301498413,15,,0.0003,temporal_direct,125.35328724277606,85.21202541427847,51.99633374580262,88.562356211521,85.34062611468045,85.80358915122939,,,,,,98.55824803811043,3.0129037833543797,,0.5008163960540996,91.04671470021707,28.53121475242465,92.97866410862616,91.14763744974631,91.54411948263439,0.8460041262485363
,,,,,97.34075967176462,1.749194896561496,16.733179092407227,16,,0.0003,temporal_direct,126.8346169443387,86.01046842925342,47.89268118823752,89.17740368180804,86.16478934332177,86.44882961187834,,,,,,98.50057782186356,3.2817907584992247,,0.48463610649933864,91.3350654927092,30.015499543295498,93.4400250342478,91.45040576020739,92.02710701520056,0.8461808301048515
,,,,,97.47495187653436,2.2485015844857252,16.94771671295166,17,,0.0003,temporal_direct,126.36898283500362,85.67610660820831,46.984983052092566,88.71667721757183,85.8818679496094,86.06190922451609,,,,,,98.73846699209774,2.9491062049840973,,0.4630015993613273,92.09198593887078,26.754614402472352,93.96626505884744,92.19290868840002,92.625434495586,0.8679743861710584
,,,,,97.68071307076349,2.083668864711567,16.53330636024475,18,,0.0003,temporal_direct,127.7706262823746,86.57631211810642,45.48180708765156,89.51400209356237,86.75635324584113,87.01355516174694,,,,,,98.86822479818932,2.956314967062234,,0.44137784395250895,92.82728004620562,24.21496604846397,94.42762604634243,92.92820277511042,93.31026726940512,0.8366275700154128
,,,,,97.75787363817662,1.8765656302832527,16.447924375534058,19,,0.0003,temporal_direct,127.0204925822508,85.83154608438045,44.56706373779862,89.13043652787621,86.11446769885075,86.32022896666585,,,,,,98.87543341280268,2.9253172781640684,,0.4296344646533055,93.27422343323387,23.76694129038744,94.7880641193126,93.34631104370303,93.79325455447794,0.8654039875592714
,,,,,97.26807239614887,1.9284532633092668,16.967074394226074,20,,0.0003,temporal_direct,125.4243973100075,85.1594665720139,49.46608435178612,88.27719789596252,85.3395077733346,85.54526896756373,,,,,,98.9403122436629,2.925317272492346,,0.42082995351623087,93.55536528112154,22.16587436891396,95.15571142562945,93.61303541487064,94.01672643361208,0.9451919223791287
,,,,,97.86187248465455,1.9100577506110257,16.500147819519043,21,,0.00015,temporal_direct,128.44569646525485,86.72951511394831,41.149748588601746,89.89868657088574,86.88383595443067,87.09071572916007,,,,,,99.27191532194408,2.8640427597666283,,0.40272420933502356,94.15369277181922,17.04548781022275,95.50894090461071,94.23298916189728,94.52133989251608,0.9138201786044203
,,,,,97.78247541851468,1.859959357038692,16.812429189682007,22,,0.00015,temporal_direct,128.4659687033728,86.57183947018635,39.907240881642075,89.99933083484203,86.75188052433508,86.88048137190901,,,,,,99.46655181452478,2.756992589849914,,0.34100872695858503,96.24423487788665,11.386966907957433,97.16695672912994,96.31632250898025,96.51095916655649,0.901469221085678
,,,,,97.67959493177908,1.6658280132177434,17.07180643081665,23,,0.00015,temporal_direct,128.20642320570295,86.62216166655223,42.762682486877395,89.71417240890456,86.85364300086175,86.98336220817801,,,,,,99.6395620507765,2.7050894705069517,,0.3186572853566041,96.82814482999096,9.963956400526488,97.68598776787623,96.87139740452221,97.08766027717854,0.9194533289582641
,,,,,97.75563699227793,1.9538379520361806,16.381453275680542,24,,0.00015,temporal_direct,128.30035098053884,86.67695616130476,42.76447150488327,89.82152591149013,86.90843764278624,86.9341579300386,,,,,,99.62514451218311,2.6344435607892005,,0.3111611555707496,97.40484587873966,8.242863517280371,98.10409601584438,97.44809847389539,97.62831753100491,0.9368332120371453
,,,,,97.77912063363158,2.41853425440229,16.843916177749634,25,,0.00015,temporal_direct,127.88068162308613,86.443238346665,41.87695826300316,89.45697075054969,86.62327962157167,86.70155818079725,,,,,,99.6611883277299,2.5324395149430603,,0.3028284760391836,97.54902128529797,7.7159027634091855,98.1401398932645,97.59948263943814,97.7580754402187,0.9549264810335489
,,,,,97.8607541984982,2.0813764337404272,17.11325454711914,26,,0.00015,temporal_direct,129.07779511730246,87.03480206521941,39.84405864674,90.25765044821634,87.2405634066205,87.21484319295412,,,,,,99.76931971249697,2.540369170966033,,0.29477933874179746,98.03921724685748,5.536332340124724,98.63754438693961,98.0824698007643,98.17618372943575,0.9477836303872826
,,,,,97.85851784694341,1.8214909166649536,16.896839380264282,27,,0.00015,temporal_direct,128.8165141073228,87.08736072351903,41.03596454486251,89.8975682111434,87.24168171117336,87.39600269882767,,,,,,99.74048467655908,2.555868011805838,,0.2881952250395679,98.04642600584195,5.583549709732815,98.55824799686155,98.0824698007643,98.23385384256039,0.9818470034702325
,,,,,97.83391562508947,1.6555399518965939,16.599342346191406,28,,7.5e-05,temporal_direct,128.42912813921998,86.75076201742078,42.242799527299255,89.81817105302105,86.98224357248824,87.0862423453802,,,,,,99.70444088163673,2.459270545768078,,0.2825097622137169,98.21222762748032,6.3368657895180185,98.65917078763968,98.22664514544925,98.42128169990329,1.004985766094408
,,,,,97.59907957948285,0.928889361359639,16.653212308883667,29,,7.5e-05,temporal_direct,129.04946932174886,87.24056333303452,42.351215733790106,90.0753727481689,87.4463246744356,87.57604388175187,,,,,,99.79094598945036,2.4261102281433486,,0.2708110745906005,98.63754440756405,4.610005863313805,99.01239997787872,98.65917068451746,98.79613712584684,0.9729881433793056
,,,,,97.73103513835389,1.4317186010058647,16.908719539642334,30,,7.5e-05,temporal_direct,128.6501108202727,87.01131835027978,42.58381530182597,89.82264441840442,87.21707976526685,87.29424033267999,,,,,,99.8558248203106,2.3558247473516265,,0.25980383260852324,99.04123495194327,3.5369810382722777,99.25028902436623,99.0556524699122,99.16378389592815,0.9900284433438454
,,,,,97.88423783985185,1.6105855661041943,17.18732500076294,31,,7.5e-05,temporal_direct,128.8467409542037,86.9050830050751,39.29426201906653,89.8684932677834,87.13656456014256,87.16340291279333,,,,,,99.88465985624848,2.391508142479976,,0.25771166807021234,99.14215763959918,2.4992791771128204,99.33679415280432,99.14936639858365,99.2430802860062,0.9849610792265998
,,,,,97.72991677861155,1.282597549236667,16.90446639060974,32,,7.5e-05,temporal_direct,128.5985535407841,86.85364265132833,41.637089644777184,89.81705276686468,87.08512420639579,87.1365644129706,,,,,,99.86303357929506,2.3540225666287036,,0.2539086806423524,99.27912406030411,3.298731315881014,99.42329926061795,99.28633281928857,99.39446422468008,1.0294556236929364
,,,,,97.70084185364806,1.6093554747877297,16.8962185382843,33,,7.5e-05,temporal_direct,128.99279861771672,87.16228464503347,42.45957588638972,90.15253296604862,87.39376597934299,87.47316326624082,,,,,,99.91349489218636,2.291306297207786,,0.2506783790241888,99.3295853731954,2.0498126086208543,99.5458481427295,99.34400289116434,99.39446422468008,1.0139702223701241
,,,,,97.80707734602468,1.2388173574696721,16.501187324523926,34,,7.5e-05,temporal_direct,129.0711846057958,87.03480221239137,40.1317890919745,90.10332953414799,87.29200383395325,87.26628362028687,,,,,,99.9279124101553,2.2646338577707747,,0.24957322739193596,99.43050804022687,1.7283016488368537,99.56026570194733,99.43050804022687,99.4737605941337,1.0298301290582728
,,,,,97.93455990744226,1.3416980080490495,17.036961555480957,35,,3.75e-05,temporal_direct,129.4291556779686,87.1880050058718,38.77991466357568,90.30685410087492,87.44520670101966,87.39488455984328,,,,,,99.89186861523295,2.267517369098729,,0.2507596764081902,99.27912408092855,2.307525991710309,99.48096935311816,99.30075035788197,99.38004670671113,1.0285060950267462
,,,,,97.80484062654001,1.2503914226904327,16.40775990486145,36,,3.75e-05,temporal_direct,128.88721418041783,87.00684544480877,41.08226097223383,89.99597555325354,87.23832685270428,87.24056349860297,,,,,,99.90628613320189,2.2487745740834404,,0.2440644889348106,99.50259563007157,1.9049164104665337,99.61072701483862,99.52422190702498,99.58189197890074,1.0341413847090286
,,,,,97.88423776626587,1.1886630384366454,16.623679399490356,37,,3.75e-05,temporal_direct,128.68976387385922,86.85587909486559,41.40834791263865,89.89756813755741,87.11308079001344,87.06164043626667,,,,,,99.9279124101553,2.2019175940215794,,0.24190955389948451,99.5891007378852,1.3282151343010908,99.72606715859014,99.5891007378852,99.64677080976097,1.031621974007583
,,,,,97.93791469232535,1.1655148844246144,16.997251987457275,38,,3.75e-05,temporal_direct,128.8089030810034,86.90620129123147,40.72335317477952,89.9232883328273,87.16340291279333,87.0605222052998,,,,,,99.94232992812424,2.182814367502206,,0.240085767214686,99.6395620507765,1.2233275827342664,99.72606715859014,99.6395620507765,99.68281460468332,1.0548678826034805
,,,,,97.91107619250262,1.4137144823685104,16.980879545211792,39,,3.75e-05,temporal_direct,128.58050622445657,86.83015915714664,40.86514910269115,89.76896705082905,87.03592035137576,87.03592049854772,,,,,,99.92070365117083,2.209847239990135,,0.23935225786428552,99.69002336366779,1.6515282776761013,99.79094598945036,99.69002336366779,99.75490219452801,1.048441015827803
,,,,,97.8864743385786,1.1642288738562736,17.33439874649048,40,,3.75e-05,temporal_direct,129.00814886795888,87.11196270621853,40.80560136195502,89.97472861298809,87.34344411411404,87.26628354670089,,,,,,99.95674744609317,2.145328783401156,,0.23808612955482775,99.7116496406212,0.9966119107142555,99.76931971249697,99.71885839960566,99.75490219452801,1.0479679861922322
,,,,,97.98823668632978,1.2812556289596322,16.633710145950317,41,,3.75e-05,temporal_direct,129.19860741628543,87.16340313355128,38.519470249475155,90.05300754014357,87.31772404761962,87.34344433487198,,,,,,99.93512116913978,2.1417244023620876,,0.24012731933470002,99.61072701483862,1.269824122720008,99.7116496406212,99.61072701483862,99.66839708671438,1.045508243419506
,,,,,97.98711847375941,1.1616568632975772,16.684099912643433,42,,1.875e-05,temporal_direct,128.97867041179845,86.98336207940255,39.70796566525543,89.9970938945994,87.21484356088403,87.21596184704039,,,,,,99.94232992812424,2.1514562306004,,0.23732878633848936,99.76931971249697,1.6695501956972696,99.79815474843484,99.76931971249697,99.80536350741932,1.0624987689065344
,,,,,97.98711847375941,1.1963790823004128,16.6401629447937,43,,1.875e-05,temporal_direct,128.99761306182424,87.00908207231097,39.61022880917162,89.97137353376105,87.24056355379246,87.21596162628245,,,,,,99.9279124101553,2.170199025357883,,0.2359216242616152,99.73327589695016,1.3314590709780223,99.77652847148143,99.74048465593464,99.7981547278104,1.050440145679462
,,,,,97.88535605242222,1.0908704951267552,16.435485363006592,44,,1.875e-05,temporal_direct,128.95894075100782,87.06164078580008,41.14505189919361,90.0753727481689,87.2674020536152,87.24168183994882,,,,,,99.97116496406213,2.1453287759247948,,0.2357105734954656,99.7837372304659,0.610582485930369,99.84861606132613,99.79815474843484,99.80536350741932,1.054317264461223
,,,,,97.91219462583095,1.5050210619782225,16.775358200073242,45,,1.875e-05,temporal_direct,128.95123645908853,87.03480228597735,40.49326906900531,90.05077082065888,87.24056362737844,87.21484341371206,,,,,,99.96395620507765,2.105680568768904,,0.23466693478472092,99.7837372304659,0.7962081958394769,99.82698978437271,99.7837372304659,99.81257226640378,1.068102322426843
,,,,,97.85963598592782,1.2683955415577433,16.7871310710907,46,,1.875e-05,temporal_direct,129.00819653903974,87.03480228597735,40.886675904240505,90.1010928146633,87.2920039811252,87.26628369387285,,,,,,99.97837372304659,2.1233420445226057,,0.23464822361832258,99.80536350741932,0.6084198480194828,99.8558248203106,99.80536350741932,99.82698978437271,1.0566903683874342
,,,,,97.78135727953028,1.346786138314156,16.801007509231567,47,,1.875e-05,temporal_direct,128.50513579755977,86.80332080449587,42.47114988963729,89.87072976651015,87.03480221239137,87.06052242605774,,,,,,99.94232992812424,2.1092849436206387,,0.23496212111624878,99.75490219452801,0.9944492587529664,99.82698978437271,99.75490219452801,99.81257226640378,1.058765580072815
,,,,,97.85851769977145,1.2452473942144417,16.745998859405518,48,,1.875e-05,temporal_direct,128.83374110381175,86.98336207940255,42.12431909240507,90.05077089424486,87.24056355379246,87.21484348729804,,,,,,99.97116496406213,2.1208189768155967,,0.23399362468183246,99.81257226640378,0.6678921616536317,99.86303357929506,99.81257226640378,99.84140730234166,1.0665967499400362
,,,,,97.98823675991576,1.121734688633386,16.607640743255615,49,,1e-05,temporal_direct,128.9201993748385,86.90620151198941,39.345534926993246,89.92105168692859,87.1634030599653,87.08624263972412,,,,,,99.98558248203106,2.1071223195345756,,0.23278278849735393,99.83419854335719,0.4523500648671987,99.84140730234166,99.83419854335719,99.84861606132613,1.060321632358763
,,,,,97.85851762618547,1.1474548549287849,16.95543909072876,50,,1e-05,temporal_direct,129.0553955963893,87.06052235247176,40.69377460804434,90.1010928146633,87.31772390044766,87.26628369387285,,,,,,99.97837372304659,2.102076184636169,,0.23201673836237832,99.86303357929506,0.4249567502084797,99.89907737421741,99.87745109726401,99.87745109726401,1.0638667041504826
,,,,,97.83391584584743,1.2619095914249803,16.051453828811646,51,,1e-05,temporal_direct,128.90279509898645,87.00908207231097,41.41147885540569,90.02505068057849,87.26628354670089,87.18912327363168,,,,,,99.95674744609317,2.084054267839577,,0.2317268415821465,99.87024233827954,0.6729382948763024,99.89186861523295,99.87024233827954,99.91349489218636,1.0617409672266171
,,,,,97.93567812001264,1.0651503294062468,16.53104519844055,52,,1e-05,temporal_direct,129.00076601528963,86.98336193223058,40.14207723630983,90.04965231374457,87.24056355379246,87.18912327363168,,,,,,99.98558248203106,2.0591840230469884,,0.23151728846003852,99.87745109726401,0.4873125787476355,99.90628613320189,99.87745109726401,99.89186861523295,1.0607981783004454
,,,,,97.93679647975497,1.1101606157090929,16.572341680526733,53,,1e-05,temporal_direct,129.1812674038756,87.16340313355128,40.43668496594937,90.15365152815242,87.3948844678608,87.34344448204394,,,,,,99.96395620507765,2.0635092872030594,,0.23112730088943428,99.86303357929506,0.6985294204334177,99.89186861523295,99.87024233827954,99.89907737421741,1.0627723967219576
,,,,,97.90995797993224,1.0587202872575066,16.921515703201294,54,,1e-05,temporal_direct,129.263473517995,87.21484341371206,40.5595265046038,90.17825323490449,87.47204503527394,87.42060460794119,,,,,,99.98558248203106,2.037197294738466,,0.23146085745323075,99.89907737421741,0.42784026214872267,99.92070365117083,99.89907737421741,99.91349489218636,1.05913664529353
,,,,,97.90995805351822,1.0188540256363743,16.92972207069397,55,,1e-05,temporal_direct,129.382061991007,87.31772399243013,40.38809573415805,90.2811340343805,87.52348533383122,87.54920554749759,,,,,,99.97837372304659,2.067474108769407,,0.23125443527649017,99.89186861523295,0.48046424772242363,99.89907737421741,99.89186861523295,99.91349489218636,1.058466551296505
,,,,,97.85851762618547,1.193751156973986,16.684253931045532,56,,1e-05,temporal_direct,129.09560195220934,87.1634030783618,41.2875187445294,90.17825332688696,87.3691643461769,87.3691643461769,,,,,,99.98558248203106,2.0599049089998522,,0.23137942549472862,99.89186861523295,0.3640426860342389,99.90628613320189,99.89186861523295,99.89907737421741,1.0613494669949566
,,,,,97.88535605242222,1.2503914300490309,16.650510787963867,57,,1e-05,temporal_direct,129.0963797388207,87.13768301186738,40.43864186370262,90.10109290664579,87.3434442060965,87.34344427968249,,,,,,99.97116496406213,2.050173073027373,,0.2305457411030997,99.89186861523295,0.7064590711391509,99.92070365117083,99.89186861523295,99.91349489218636,1.0696142536622506
,,,,,97.83391577226145,1.2734836680285724,17.142580270767212,58,,1e-05,temporal_direct,129.11394940714965,87.13768301186738,41.169094533694015,90.15253318680658,87.39488455984328,87.31772413960209,,,,,,99.97837372304659,2.0624279730975834,,0.230751275397502,99.87024233827954,0.508578444241343,99.89186861523295,99.87024233827954,99.88465985624848,1.0699140243692162
,,,,,97.8853561260082,1.2375313540299733,16.118375778198242,59,,1e-05,temporal_direct,129.1989685781944,87.13768301186738,40.29656571577544,90.17937168662931,87.39488455984328,87.31772413960209,,,,,,99.97116496406213,2.0292676430981875,,0.2317844752518776,99.85582479968616,0.6062572206463988,99.88465985624848,99.85582479968616,99.87745107663956,1.07031373348501
