change_acc,close_acc_1,close_acc_2,count_exact_acc,count_mae,duration_mae_minutes,elapsed_sec,epoch,expected_count_mae,model,selection_score,start_exact_acc,start_mae_minutes,start_tol_10m,start_tol_5m,train_change_acc,train_close_acc_1,train_close_acc_2,train_count_exact_acc,train_count_mae,train_duration_mae_minutes,train_expected_count_mae,train_loss,train_start_exact_acc,train_start_mae_minutes,train_start_tol_10m,train_start_tol_5m,val_loss
94.71153846153847,18.75,33.65384615384615,6.25,5.028846153846154,,1.2707679271697998,1,3.803551380450909,occurrence_residual,-33.16132090641902,,,,,92.375,16.1875,26.4375,5.375,6.56125,,4.868083958625793,3.8860251235961916,,,,,3.519048342337975
94.71153846153847,21.153846153846153,34.85576923076923,7.9326923076923075,4.449519230769231,,0.6949396133422852,2,3.0171668896308312,occurrence_residual,-22.857129096984863,,,,,94.5,21.875,36.1875,7.75,4.705,,3.8803032207489014,3.5294719886779786,,,,,3.2247203496786265
94.71153846153847,24.278846153846153,39.42307692307692,9.134615384615385,3.7908653846153846,,0.7741670608520508,3,2.8576001203977146,occurrence_residual,-14.653958173898548,,,,,94.5,23.125,38.0,7.875,4.32375,,3.4291440057754516,3.347766470909119,,,,,3.1076869781200704
94.71153846153847,31.73076923076923,51.44230769230769,10.576923076923077,3.1610576923076925,,0.8089554309844971,4,2.620675903100234,occurrence_residual,-4.617318997016323,,,,,94.5,27.5625,41.9375,10.25,4.00375,,3.2979811954498293,3.2395562076568605,,,,,2.9717011268322286
94.71153846153847,34.61538461538461,50.72115384615385,13.942307692307692,3.012019230769231,,0.6077718734741211,5,2.522937435370225,occurrence_residual,1.3409425662114067,,,,,94.5,28.6875,46.0625,11.4375,3.651875,,3.0653241443634034,3.1507496786117555,,,,,2.8852236454303446
94.71153846153847,37.01923076923077,53.36538461538461,13.942307692307692,2.7764423076923075,,0.5847835540771484,6,2.465618839630714,occurrence_residual,4.296178487630991,,,,,94.5,32.5625,48.5625,12.6875,3.44375,,2.959641125202179,3.0710654258728027,,,,,2.828323877774752
94.71153846153847,40.14423076923077,57.93269230769231,17.067307692307693,2.574519230769231,,0.6148920059204102,7,2.2121573778299184,occurrence_residual,11.144158950218786,,,,,94.375,33.4375,50.9375,13.4375,3.3075,,2.91860515832901,3.0078203582763674,,,,,2.740376802591177
94.47115384615384,39.90384615384615,56.25,16.10576923076923,2.6826923076923075,,0.6340749263763428,8,2.126213422188392,occurrence_residual,9.55283861893874,,,,,94.375,36.8125,54.375,15.0,3.08625,,2.733184425830841,2.9080672597885133,,,,,2.6904636529775767
94.71153846153847,41.58653846153846,60.81730769230769,16.58653846153846,2.387019230769231,,0.8098044395446777,9,2.10440863095797,occurrence_residual,13.09919239924504,,,,,94.3125,37.6875,55.3125,14.125,3.05375,,2.6961511898040773,2.888097424507141,,,,,2.6513739182398868
94.47115384615384,40.38461538461539,62.25961538461539,16.346153846153847,2.387019230769231,,0.812680721282959,10,2.089326546742366,occurrence_residual,12.474424582261308,,,,,94.5625,37.875,57.3125,16.5625,2.860625,,2.4894992542266845,2.760630898475647,,,,,2.5853660106658936
94.47115384615384,44.71153846153846,63.94230769230769,17.307692307692307,2.25,,0.706824541091919,11,1.8928049527681792,occurrence_residual,16.832626342773434,,,,,94.625,40.0,59.4375,17.9375,2.735625,,2.4575052404403688,2.738681755065918,,,,,2.5126913510836086
94.47115384615384,44.71153846153846,64.1826923076923,19.951923076923077,2.21875,,0.7107951641082764,12,2.075840574044448,occurrence_residual,18.994714626899125,,,,,94.1875,41.8125,60.1875,18.625,2.630625,,2.3498688197135924,2.669384231567383,,,,,2.513254899245042
94.71153846153847,46.15384615384615,64.1826923076923,17.78846153846154,2.21875,,0.76924729347229,13,1.8869152435889611,occurrence_residual,18.115800564105697,,,,,93.9375,42.8125,61.4375,17.1875,2.59375,,2.3224511432647703,2.6462157154083252,,,,,2.4700692892074585
94.47115384615384,47.59615384615385,68.50961538461539,18.028846153846153,2.076923076923077,,0.7660386562347412,14,1.7652191473887517,occurrence_residual,20.45835417967576,,,,,94.375,42.8125,61.8125,19.375,2.50125,,2.2575223636627197,2.578368420600891,,,,,2.415523043045631
94.71153846153847,47.35576923076923,67.0673076923077,19.23076923076923,2.048076923076923,,0.6538493633270264,15,1.8956466087928185,occurrence_residual,21.309240487905647,,,,,94.5,46.6875,65.0625,21.0625,2.335,,2.185550992488861,2.5354306411743166,,,,,2.4131625707332907
94.71153846153847,49.27884615384615,69.71153846153847,20.432692307692307,2.0024038461538463,,0.7436428070068359,16,1.6827441545633168,occurrence_residual,24.401234920208267,,,,,94.375,45.4375,64.375,21.625,2.27875,,2.0986404824256897,2.4627064085006714,,,,,2.3278815104411197
94.71153846153847,52.64423076923077,71.15384615384616,22.83653846153846,1.8629807692307692,,0.705064058303833,17,1.6637881719149077,occurrence_residual,29.17417423541729,,,,,94.3125,46.875,64.9375,21.9375,2.3025,,2.0895578479766845,2.45884788274765,,,,,2.306239128112793
94.47115384615384,54.56730769230769,73.5576923076923,22.596153846153847,1.8028846153846154,,0.6977653503417969,18,1.6353872189154992,occurrence_residual,30.177201124337998,,,,,94.5625,48.6875,68.3125,21.75,2.1175,,1.9726395893096924,2.385233931541443,,,,,2.278941741356483
94.47115384615384,53.36538461538461,71.63461538461539,22.596153846153847,1.8485576923076923,,0.7164788246154785,19,1.5556360666568463,occurrence_residual,29.71014804106492,,,,,94.4375,50.3125,70.375,23.5625,1.968125,,1.866627917289734,2.3231701374053957,,,,,2.2510682252737193
94.95192307692308,54.80769230769231,75.24038461538461,24.03846153846154,1.6947115384615385,,0.7352054119110107,20,1.5072911427571223,occurrence_residual,33.12948927512536,,,,,94.6875,50.75,69.25,22.5625,2.060625,,1.879039590358734,2.310729024410248,,,,,2.1939132672089796
94.71153846153847,53.60576923076923,75.24038461538461,22.83653846153846,1.71875,,0.7322802543640137,21,1.4631278698260968,occurrence_residual,31.467200059157154,,,,,94.6875,52.1875,71.375,25.1875,1.925625,,1.8374449157714843,2.2662597346305846,,,,,2.170918162052448
94.47115384615384,56.00961538461539,76.4423076923077,24.51923076923077,1.6634615384615385,,0.7426300048828125,22,1.4537481803160448,occurrence_residual,34.44702650950505,,,,,94.6875,51.1875,72.625,24.3125,1.911875,,1.7716065740585327,2.2169849038124085,,,,,2.171177864074707
94.71153846153847,60.33653846153846,78.60576923076923,27.403846153846153,1.5384615384615385,,0.7429630756378174,23,1.44683431662046,occurrence_residual,39.89775888736431,,,,,94.6875,53.8125,72.25,26.4375,1.81375,,1.747713153362274,2.1907673692703247,,,,,2.1165770017183743
94.71153846153847,61.29807692307692,80.04807692307692,26.201923076923077,1.5048076923076923,,0.7308545112609863,24,1.3665519677675688,occurrence_residual,39.62273443662203,,,,,94.75,55.8125,75.1875,27.0625,1.724375,,1.6558006858825685,2.132009003162384,,,,,2.0615952565119815
94.47115384615384,60.57692307692308,79.32692307692308,26.201923076923077,1.5504807692307692,,0.7084734439849854,25,1.4066831973882823,occurrence_residual,38.820382595062256,,,,,94.8125,54.5625,73.875,27.4375,1.77625,,1.6536695075035095,2.102506353855133,,,,,2.0946322679519653
94.71153846153847,63.22115384615385,81.25,27.16346153846154,1.4350961538461537,,0.7336578369140625,26,1.3261212202218862,occurrence_residual,41.976765119112464,,,,,95.0625,55.75,75.5625,27.8125,1.676875,,1.5864667439460753,2.078089301586151,,,,,2.0302006831535926
94.23076923076923,61.29807692307692,81.73076923076923,27.64423076923077,1.4254807692307692,,0.6651794910430908,27,1.3205895882386427,occurrence_residual,41.83543010858389,,,,,94.875,55.8125,75.6875,28.125,1.696875,,1.5751211810112,2.044374632835388,,,,,2.029518851867089
94.71153846153847,62.5,80.28846153846153,28.365384615384617,1.4543269230769231,,0.7327218055725098,28,1.3406556707162123,occurrence_residual,42.71430039405822,,,,,95.0,58.125,77.1875,27.875,1.68625,,1.5849792575836181,2.0658196210861206,,,,,2.0150868617571316
94.71153846153847,63.22115384615385,81.25,28.60576923076923,1.4254807692307692,,0.66159987449646,29,1.344932510302617,occurrence_residual,43.4207507280203,,,,,95.125,57.5,76.75,28.3125,1.629375,,1.546363911628723,2.029581048488617,,,,,2.0210385597669163
94.71153846153847,62.5,81.97115384615384,28.846153846153847,1.4278846153846154,,0.6523914337158203,30,1.2800775674673228,occurrence_residual,43.64892049936147,,,,,94.6875,58.3125,77.75,30.625,1.60375,,1.5288169050216676,1.9871754050254822,,,,,1.9836348753709059
94.23076923076923,64.1826923076923,82.9326923076923,30.528846153846153,1.3557692307692308,,0.7024433612823486,31,1.2805137084080622,occurrence_residual,46.447656704829285,,,,,94.9375,59.8125,79.8125,32.0625,1.504375,,1.49699791431427,1.947401077747345,,,,,1.9615072653843806
94.71153846153847,65.625,83.17307692307692,29.567307692307693,1.3557692307692308,,0.7014338970184326,32,1.2288052898186903,occurrence_residual,46.245836533032936,,,,,94.9375,60.9375,78.875,32.1875,1.525625,,1.4688791275024413,1.9279444599151612,,,,,1.934760882304265
94.71153846153847,65.14423076923077,82.45192307692308,27.884615384615383,1.4086538461538463,,0.6626288890838623,33,1.3055736330839305,occurrence_residual,43.66472469843351,,,,,95.3125,61.875,80.25,34.5625,1.436875,,1.4316512489318847,1.887331507205963,,,,,1.9974027780386119
94.71153846153847,65.625,83.17307692307692,30.528846153846153,1.3173076923076923,,0.6951956748962402,34,1.2563902231363149,occurrence_residual,47.4047275689932,,,,,95.0,62.4375,79.375,33.5625,1.485625,,1.4444129395484924,1.8988334774971007,,,,,1.9280410546522875
93.99038461538461,62.74038461538461,81.25,26.923076923076923,1.4230769230769231,,0.7294166088104248,35,1.310658023907588,occurrence_residual,41.65400251975425,,,,,95.0,63.375,80.875,33.5,1.454375,,1.4025283479690551,1.841168417930603,,,,,1.9720248075631948
94.47115384615384,62.74038461538461,82.45192307692308,28.365384615384617,1.4038461538461537,,0.6817951202392578,36,1.2526717002575214,occurrence_residual,43.530178583585304,,,,,95.3125,62.625,80.5,34.0625,1.444375,,1.3925797319412232,1.8439780282974243,,,,,1.9619136315125685
94.23076923076923,64.42307692307692,82.9326923076923,28.846153846153847,1.3725961538461537,,0.6678609848022461,37,1.2630847233992357,occurrence_residual,44.78419956794151,,,,,95.5,63.625,80.875,35.125,1.4075,,1.3638020169734955,1.8137957572937011,,,,,1.9683841742002046
94.47115384615384,66.58653846153847,84.61538461538461,31.009615384615383,1.3100961538461537,,0.7083451747894287,38,1.2190269644443805,occurrence_residual,48.40514214222248,,,,,95.125,65.0,81.6875,36.3125,1.378125,,1.3824293875694276,1.8089990091323853,,,,,1.9105335565713735
94.71153846153847,68.99038461538461,85.57692307692308,32.21153846153846,1.2379807692307692,,0.7191009521484375,39,1.19922025845601,occurrence_residual,51.12859973540672,,,,,95.4375,63.5625,81.25,33.25,1.4,,1.3689809238910675,1.810582070350647,,,,,1.8735161561232347
93.99038461538461,63.46153846153846,83.89423076923077,28.60576923076923,1.375,,0.715071439743042,40,1.2115535002488356,occurrence_residual,44.37013215285081,,,,,95.5625,64.375,82.5,36.8125,1.331875,,1.3318977224826813,1.7508632779121398,,,,,1.9110260835060706
94.23076923076923,68.75,86.53846153846153,30.048076923076923,1.2572115384615385,,0.7304418087005615,41,1.1828536024460425,occurrence_residual,48.74454712867737,,,,,96.0,64.9375,82.8125,38.0625,1.30625,,1.3061818647384644,1.7344893050193786,,,,,1.8678621053695679
94.71153846153847,69.47115384615384,86.53846153846153,29.807692307692307,1.2403846153846154,,0.6452469825744629,42,1.1522483046238239,occurrence_residual,49.06167985842778,,,,,95.9375,65.5625,83.8125,37.4375,1.31125,,1.3155316281318665,1.733719310760498,,,,,1.8856650774295514
95.1923076923077,67.3076923076923,84.85576923076923,31.009615384615383,1.28125,,0.586552619934082,43,1.1672065074627216,occurrence_residual,49.167712431687576,,,,,96.0625,65.5625,83.8125,36.1875,1.306875,,1.2785564732551575,1.702238130569458,,,,,1.8779657712349525
93.99038461538461,67.78846153846153,85.33653846153847,30.528846153846153,1.2692307692307692,,0.6386528015136719,44,1.1544639880840595,occurrence_residual,48.882144047663765,,,,,95.75,66.875,83.75,39.5,1.270625,,1.2504671049118041,1.67478533744812,,,,,1.8857795000076294
93.26923076923077,69.47115384615384,86.53846153846153,33.17307692307692,1.2115384615384615,,0.6410486698150635,45,1.1221656478368318,occurrence_residual,52.63393356249882,,,,,95.5625,66.25,82.75,38.6875,1.27,,1.2574735796451568,1.6812701892852784,,,,,1.8296333918204675
93.26923076923077,69.47115384615384,87.5,30.528846153846153,1.2283653846153846,,0.6949739456176758,46,1.1833381836230938,occurrence_residual,49.61039726550762,,,,,96.25,67.5,83.875,41.5,1.2175,,1.2258001577854156,1.6278021240234375,,,,,1.879424654520475
94.47115384615384,65.14423076923077,84.85576923076923,32.21153846153846,1.2932692307692308,,0.6895277500152588,47,1.208018972323491,occurrence_residual,49.2809048799368,,,,,96.5,69.25,84.875,40.8125,1.209375,,1.210625388622284,1.6067257499694825,,,,,1.873292693724999
93.99038461538461,68.75,86.0576923076923,29.807692307692307,1.2524038461538463,,0.7190401554107666,48,1.1479628315338721,occurrence_residual,48.6581486738645,,,,,96.3125,68.25,85.4375,41.0625,1.193125,,1.2122713434696197,1.6048176288604736,,,,,1.8722900243905873
93.26923076923077,71.15384615384616,87.01923076923077,34.375,1.1850961538461537,,0.6729111671447754,49,1.11246545956685,occurrence_residual,54.6751381617326,,,,,96.0,69.875,86.0625,41.25,1.1925,,1.1734758925437927,1.5802621197700502,,,,,1.8370365179502046
94.23076923076923,70.4326923076923,87.25961538461539,31.490384615384617,1.2043269230769231,,0.694920539855957,50,1.1399862949664776,occurrence_residual,51.37034328167255,,,,,96.1875,66.5625,85.0625,40.25,1.2225,,1.2061958813667297,1.574805073738098,,,,,1.8683029138124907
93.02884615384616,68.75,86.0576923076923,31.009615384615383,1.2427884615384615,,0.6595375537872314,51,1.1881054548116832,occurrence_residual,49.68027048844557,,,,,96.375,70.1875,85.9375,41.75,1.14625,,1.1821695947647095,1.5570153713226318,,,,,1.9187043813558726
93.75,68.50961538461539,84.13461538461539,31.25,1.2692307692307692,,0.6809771060943604,52,1.1602516311865587,occurrence_residual,49.808512706022995,,,,,96.6875,69.625,85.875,42.375,1.14875,,1.1458935487270354,1.5133439326286315,,,,,1.9072973728179932
92.78846153846153,68.26923076923077,85.57692307692308,34.375,1.2235576923076923,,0.6792037487030029,53,1.1612486289097712,occurrence_residual,53.1146208689763,,,,,96.625,70.5,86.8125,43.0,1.12,,1.1205225455760957,1.484888925552368,,,,,1.909089207649231
93.75,69.23076923076923,86.77884615384616,30.76923076923077,1.2283653846153846,,0.6751964092254639,54,1.1428186710064228,occurrence_residual,49.97680223905123,,,,,96.3125,69.125,85.5625,44.0625,1.1525,,1.1660518491268157,1.5172662949562072,,,,,1.8872893406794622
93.02884615384616,68.75,87.25961538461539,33.17307692307692,1.1971153846153846,,0.7095990180969238,55,1.1088171601295471,occurrence_residual,52.526269821020264,,,,,97.0,71.5625,87.4375,47.125,1.07125,,1.129454756975174,1.4521349263191223,,,,,1.8548596180402315
93.26923076923077,69.95192307692308,87.25961538461539,33.65384615384615,1.1899038461538463,,0.676429271697998,56,1.0841443584515498,occurrence_residual,53.608134104655335,,,,,97.0625,72.75,86.875,47.625,1.03625,,1.067828084230423,1.4135974884033202,,,,,1.8647899994483361
93.26923076923077,69.47115384615384,87.25961538461539,32.45192307692308,1.1995192307692308,,0.7421467304229736,57,1.1248042491766124,occurrence_residual,51.9983791571397,,,,,96.5625,71.25,87.125,48.25,1.050625,,1.1013982427120208,1.434829182624817,,,,,1.8650113435891957
93.50961538461539,68.26923076923077,87.01923076923077,33.65384615384615,1.2163461538461537,,0.6761486530303955,58,1.1302128525880666,occurrence_residual,52.64741782041697,,,,,97.3125,72.8125,86.25,46.25,1.086875,,1.115730220079422,1.4369605159759522,,,,,1.9365227772639348
92.3076923076923,71.63461538461539,87.25961538461539,34.13461538461539,1.1610576923076923,,0.6828081607818604,59,1.1210057322795575,occurrence_residual,54.665015532420234,,,,,97.375,73.125,88.3125,46.0,1.0475,,1.0893896794319153,1.4388934087753296,,,,,1.8588867554297814
93.02884615384616,72.59615384615384,89.42307692307692,36.53846153846154,1.0913461538461537,,0.7290158271789551,60,1.0760763883590698,occurrence_residual,58.214925215794494,,,,,97.4375,70.6875,86.125,46.5,1.085,,1.1028677880764008,1.4210982990264893,,,,,1.8465743706776545
93.26923076923077,71.39423076923077,86.53846153846153,34.85576923076923,1.1754807692307692,,0.6742160320281982,61,1.1049500887210553,occurrence_residual,55.3470265681927,,,,,97.9375,72.9375,86.75,48.5625,1.030625,,1.074802783727646,1.3624751019477843,,,,,1.88267694069789
93.26923076923077,73.07692307692308,88.46153846153847,36.77884615384615,1.1009615384615385,,0.6498839855194092,62,1.0761509262598479,occurrence_residual,58.57039629496061,,,,,98.3125,73.5625,88.9375,49.5625,0.985625,,1.054248549938202,1.3566706919670104,,,,,1.8945642801431508
93.99038461538461,70.91346153846153,88.46153846153847,35.09615384615385,1.1370192307692308,,0.6529061794281006,63,1.0845936215840852,occurrence_residual,55.88037551366366,,,,,98.0625,74.1875,87.375,48.5,1.02625,,1.031416482925415,1.3405223131179809,,,,,1.9037872002674983
91.10576923076923,72.35576923076923,88.70192307692308,35.33653846153846,1.1201923076923077,,0.646812915802002,64,1.0454969451977656,occurrence_residual,56.628108373055085,,,,,97.625,73.3125,87.875,48.875,1.016875,,1.0392905032634736,1.3315725588798524,,,,,1.841748365989098
92.54807692307692,70.4326923076923,88.22115384615384,33.65384615384615,1.1682692307692308,,0.7201600074768066,65,1.107937867824848,occurrence_residual,53.782190836392914,,,,,97.75,76.8125,90.0625,49.6875,0.943125,,1.0073434507846832,1.30485409617424,,,,,1.9125500642336333
91.82692307692308,70.67307692307692,87.98076923076923,35.57692307692308,1.1514423076923077,,0.7348499298095703,66,1.1174038098408625,occurrence_residual,55.8140386067904,,,,,97.75,74.4375,88.375,49.625,0.999375,,1.0137954103946685,1.2880258440971375,,,,,1.953266088779156
93.26923076923077,71.875,87.98076923076923,33.89423076923077,1.15625,,0.7030675411224365,67,1.1122632851967444,occurrence_residual,54.67835070536687,,,,,98.4375,74.5,87.875,50.9375,0.966875,,1.0030324721336366,1.2698249506950379,,,,,1.9072534579497118
94.23076923076923,72.35576923076923,88.46153846153847,36.77884615384615,1.1009615384615385,,0.6783618927001953,68,1.056427368750939,occurrence_residual,58.493040524996246,,,,,98.125,74.6875,88.125,50.8125,1.00125,,1.0257430827617646,1.2854527473449706,,,,,1.898070527957036
91.58653846153847,71.39423076923077,87.98076923076923,33.41346153846154,1.1586538461538463,,0.6657233238220215,69,1.1112673236773565,occurrence_residual,53.84579608990595,,,,,97.5,74.8125,89.4375,50.4375,0.936875,,1.001690753698349,1.2677647078037262,,,,,1.9577325399105365
93.26923076923077,71.875,88.70192307692308,33.41346153846154,1.1490384615384615,,0.7113857269287109,70,1.071548017171713,occurrence_residual,54.418134854390075,,,,,98.3125,76.5625,88.625,54.375,0.91,,0.9839799237251282,1.249060686826706,,,,,1.9464597335228553
93.26923076923077,72.35576923076923,87.98076923076923,33.17307692307692,1.1538461538461537,,0.7213406562805176,71,1.0956043646885798,occurrence_residual,54.21133254124568,,,,,98.625,76.0,90.0625,53.3125,0.904375,,0.9914665007591248,1.2409452605247497,,,,,1.9208759986437285
92.0673076923077,71.63461538461539,87.98076923076923,33.89423076923077,1.1466346153846154,,0.7284159660339355,72,1.0704404849272509,occurrence_residual,54.718238060291,,,,,98.4375,77.1875,90.1875,53.625,0.89125,,0.9682834720611573,1.2046499681472778,,,,,1.957412444628202
92.3076923076923,71.875,88.70192307692308,34.61538461538461,1.1201923076923077,,0.736717700958252,73,1.075292142537924,occurrence_residual,55.73969681446369,,,,,98.3125,77.375,90.1875,55.75,0.85,,0.9488098502159119,1.167617781162262,,,,,1.9924481740364661
92.78846153846153,72.83653846153847,89.1826923076923,36.29807692307692,1.09375,,0.6713500022888184,74,1.078636068564195,occurrence_residual,58.00516726420476,,,,,98.625,79.0,90.5,55.4375,0.849375,,0.9340961873531342,1.1840719449520112,,,,,1.967235436806312
93.02884615384616,74.03846153846153,89.42307692307692,34.61538461538461,1.0961538461538463,,0.599156379699707,75,1.0504914476321294,occurrence_residual,56.86053420947147,,,,,98.8125,77.0625,89.3125,53.8125,0.905625,,0.9761493909358978,1.210919567346573,,,,,1.9323998139454768
92.78846153846153,74.03846153846153,88.9423076923077,36.53846153846154,1.0817307692307692,,0.6549563407897949,76,1.0699619513291578,occurrence_residual,58.79707527160645,,,,,98.625,79.0,90.6875,56.1875,0.826875,,0.9124366581439972,1.1222735500335694,,,,,2.0106266828683705
90.86538461538461,73.5576923076923,89.66346153846153,35.33653846153846,1.1009615384615385,,0.7019972801208496,77,1.055128927414234,occurrence_residual,57.14006121341998,,,,,98.625,75.875,89.25,53.9375,0.925625,,0.9771496903896332,1.1789089703559876,,,,,1.9736699782885039
92.0673076923077,72.83653846153847,89.90384615384616,37.5,1.0721153846153846,,0.6399576663970947,78,1.040411733663999,occurrence_residual,59.460949219190155,,,,,98.8125,76.1875,88.75,54.5625,0.919375,,0.9727642917633057,1.166191236972809,,,,,1.957926291685838
91.10576923076923,73.07692307692308,89.1826923076923,35.09615384615385,1.1057692307692308,,0.6600301265716553,79,1.096562908245967,occurrence_residual,56.55124836701613,,,,,98.875,79.0,90.0,57.0625,0.831875,,0.895884280204773,1.1020159435272217,,,,,2.0957448665912333
91.58653846153847,72.35576923076923,88.70192307692308,34.375,1.1225961538461537,,0.7041616439819336,80,1.0481337217184215,occurrence_residual,55.68486895928016,,,,,99.0,77.1875,89.3125,57.3125,0.874375,,0.9455598962306976,1.1260488831996918,,,,,2.019965777030358
92.54807692307692,72.83653846153847,89.66346153846153,35.57692307692308,1.0865384615384615,,0.698056697845459,81,1.0553549298873315,occurrence_residual,57.41079181891222,,,,,98.4375,79.0625,89.625,57.125,0.874375,,0.9310797375440597,1.1123426914215089,,,,,2.01347685777224
92.54807692307692,72.35576923076923,88.9423076923077,37.5,1.09375,,0.7393794059753418,82,1.055846393108368,occurrence_residual,59.10594135064345,,,,,99.0625,80.0,90.75,58.5625,0.78375,,0.8653917753696442,1.0630853128433229,,,,,1.9967828072034395
92.78846153846153,74.51923076923077,91.34615384615384,35.57692307692308,1.0528846153846154,,0.7156128883361816,83,1.0303355317849379,occurrence_residual,58.39308094978333,,,,,99.125,77.3125,89.5,57.375,0.874375,,0.9264022624492645,1.1052866327762603,,,,,2.031684921338008
93.50961538461539,73.79807692307692,89.66346153846153,36.05769230769231,1.0817307692307692,,0.7479872703552246,84,1.0312698345917921,occurrence_residual,58.45905527701745,,,,,99.125,78.3125,90.5625,58.0,0.84,,0.8923227429389954,1.065784878730774,,,,,2.053410365031316
92.0673076923077,74.51923076923077,90.86538461538461,36.05769230769231,1.0649038461538463,,0.7127997875213623,85,1.041453508230356,occurrence_residual,58.66110904400165,,,,,99.125,80.625,90.875,57.4375,0.788125,,0.8758453476428986,1.0571949911117553,,,,,2.043532674129193
92.3076923076923,73.79807692307692,89.66346153846153,37.5,1.0576923076923077,,0.7121002674102783,86,1.0151787125147307,occurrence_residual,60.03784284224877,,,,,99.125,79.9375,90.0,58.9375,0.8075,,0.8878912627696991,1.027247235774994,,,,,2.0697226340954122
92.0673076923077,73.3173076923077,89.1826923076923,35.81730769230769,1.0913461538461537,,0.7151064872741699,87,1.0466051606031566,occurrence_residual,57.767906280664306,,,,,98.8125,78.75,90.125,59.0,0.8475,,0.9116621506214142,1.0399808537960054,,,,,2.0716895782030544
93.50961538461539,72.35576923076923,89.1826923076923,34.61538461538461,1.1129807692307692,,0.7118897438049316,88,1.0741622356268077,occurrence_residual,56.090370288261994,,,,,99.0,80.6875,91.125,59.75,0.788125,,0.8784504079818726,1.0390580880641938,,,,,2.0995340805787306
92.0673076923077,75.24038461538461,90.38461538461539,35.57692307692308,1.0576923076923077,,0.6652772426605225,89,1.0221938628416796,occurrence_residual,58.567474548633285,,,,,99.125,82.0,91.5625,62.25,0.74125,,0.8410308003425598,0.9715864634513856,,,,,2.0865420011373668
92.0673076923077,74.03846153846153,89.90384615384616,35.09615384615385,1.0913461538461537,,0.6677770614624023,90,1.0615244003442617,occurrence_residual,57.23947932169989,,,,,99.1875,82.3125,91.375,62.75,0.716875,,0.8202254796028137,0.9501592981815338,,,,,2.1338778734207153
91.82692307692308,75.72115384615384,91.10576923076923,36.29807692307692,1.03125,,1.3640480041503906,91,1.0169901618590722,occurrence_residual,59.66521242948678,,,,,99.5625,80.625,91.375,60.8125,0.760625,,0.8644817841053009,1.0003284537792205,,,,,2.1053339701432447
92.0673076923077,76.6826923076923,91.34615384615384,37.25961538461539,1.0120192307692308,,0.7397387027740479,92,1.0174554219612708,occurrence_residual,61.139312927539535,,,,,99.1875,80.4375,90.6875,62.25,0.758125,,0.8371703708171845,0.9381993854045868,,,,,2.1048359137315016
93.02884615384616,75.0,90.38461538461539,37.01923076923077,1.0456730769230769,,0.7345151901245117,93,1.0050469086720393,occurrence_residual,60.18654313454262,,,,,99.3125,81.375,90.9375,63.5625,0.740625,,0.8569448626041413,0.9464390981197357,,,,,2.1243316668730516
92.0673076923077,75.72115384615384,90.38461538461539,36.53846153846154,1.0384615384615385,,0.7462098598480225,94,1.034391123514909,occurrence_residual,59.80233935209421,,,,,98.8125,81.1875,91.0625,63.8125,0.72375,,0.8213757002353668,0.930173683166504,,,,,2.170706134576064
92.0673076923077,76.4423076923077,91.10576923076923,37.01923076923077,1.0192307692307692,,0.7423126697540283,95,0.980438599219689,occurrence_residual,60.90516868004431,,,,,99.1875,80.8125,90.8125,62.25,0.75375,,0.8435274755954743,0.948760449886322,,,,,2.128878565934988
91.34615384615384,75.96153846153847,91.10576923076923,37.5,1.0264423076923077,,0.916874885559082,96,1.0046809820028453,occurrence_residual,60.99089145660401,,,,,99.5,80.6875,91.4375,63.8125,0.74125,,0.8371827876567841,0.9080835151672363,,,,,2.15767423923199
92.54807692307692,75.72115384615384,90.86538461538461,36.77884615384615,1.0336538461538463,,0.7495708465576172,97,1.021395756648137,occurrence_residual,60.181243896484375,,,,,99.25,82.1875,92.625,64.625,0.69875,,0.8165937197208405,0.9087950050830841,,,,,2.1736277158443746
92.0673076923077,75.48076923076923,89.90384615384616,35.09615384615385,1.0673076923076923,,0.7143776416778564,98,1.023366474188291,occurrence_residual,58.08922641093913,,,,,99.375,81.625,91.6875,65.8125,0.709375,,0.8490473222732544,0.9065288126468658,,,,,2.238995286134573
91.82692307692308,76.20192307692308,91.34615384615384,36.53846153846154,1.0192307692307692,,0.6839988231658936,99,1.0019101454661443,occurrence_residual,60.23034018736619,,,,,99.25,82.9375,91.625,64.625,0.699375,,0.7942290604114532,0.8875590944290161,,,,,2.2251491730029764
91.58653846153847,73.5576923076923,89.42307692307692,35.33653846153846,1.0985576923076923,,0.7126495838165283,100,1.053576620725485,occurrence_residual,57.237616594021134,,,,,99.25,82.8125,91.9375,66.6875,0.686875,,0.8020053625106811,0.863516377210617,,,,,2.257413258919349
,,,,,0.007560207029280153,9.547919988632202,1,,temporal_residual,57.6456171352796,57.28155339805825,362.27169296116506,58.085558252427184,57.58495145631068,,,,,,0.05106724027012076,,2.9017600397010903,58.042671618523535,355.38404459767526,59.512407237833195,58.56273191315787,2.4471217660070623
,,,,,0.0030604877409715096,9.242748975753784,2,,temporal_residual,60.22666736396246,58.29793689320388,351.81811286407765,59.359830097087375,58.69235436893204,,,,,,0.025166420507934186,,2.4885304909247856,56.91616420621996,370.63253714821553,57.68784787747767,57.216488881544635,2.39061832080767
,,,,,0.0015819476899302121,9.291790246963501,3,,temporal_residual,58.90884080552813,58.70752427184466,374.1702063106796,59.66322815533981,59.01092233009709,,,,,,0.019829387295773472,,2.4062888328131145,57.31679035471631,369.6288555194805,58.051368276794236,57.61711503004099,2.3046167487079656
,,,,,0.0024795933689885927,10.019741535186768,4,,temporal_residual,61.33543427275874,59.07160194174757,351.611802184466,60.14866504854369,59.390169902912625,,,,,,0.016918673521730227,,2.345757730905112,57.4025974025974,367.30968822132456,58.15804732310308,57.63798701298701,2.2597007103336666
,,,,,0.0022685066661209735,9.592315196990967,5,,temporal_residual,58.819546768841455,58.085558252427184,360.49529733009706,58.783373786407765,58.26759708737864,,,,,,0.015112755006759779,,2.293753871050748,57.7150974025974,363.89682863904284,58.44155844155844,57.999188311688314,2.2210797991567444
,,,,,0.0023087104149524446,9.676220178604126,6,,temporal_residual,62.86280932176081,59.17779126213592,335.07964199029124,60.25485436893204,59.54186893203884,,,,,,0.013892130000976386,,2.2574480199194573,57.714517627443584,357.23596939483247,58.50591373133969,57.9986085365345,2.1883463246151083
,,,,,0.003236550566496201,9.689013481140137,7,,temporal_residual,63.30026292975324,59.29915048543689,333.11893203883494,60.48240291262136,59.70873786407767,,,,,,0.012752923597400259,,2.220110826987725,57.84206865669845,350.5258870806013,58.674628951332785,58.14645177358157,2.156257779274172
,,,,,0.0011996748558815243,10.00520920753479,8,,temporal_residual,63.453338074509624,59.29915048543689,328.0779733009709,60.224514563106794,59.5873786407767,,,,,,0.01152295057734402,,2.1912580805939514,58.13253710796307,348.219097880574,58.82247217289813,58.363868276794236,2.1455864588033804
,,,,,0.0010818242122536724,9.766802310943604,9,,temporal_residual,62.91086823888647,58.82888349514563,325.2829186893204,59.723907766990294,59.07160194174757,,,,,,0.01046531972045974,,2.16013253973676,58.38300093427881,341.1364796626103,59.24802876138068,58.708256034107954,2.1119250834566876
,,,,,0.002280604003847224,9.756333589553833,10,,temporal_residual,64.37251946494543,59.390169902912625,319.43188713592235,60.55825242718446,59.648058252427184,,,,,,0.009533870782304023,,2.137164578499732,58.5001159643198,336.83470550140777,59.36166512501704,58.78884509012297,2.08919003056091
,,,,,0.0030550742250623057,9.373437881469727,11,,temporal_residual,63.84893705211399,59.557038834951456,328.4412924757282,60.64927184466019,59.7997572815534,,,,,,0.00855384337225953,,2.1072977802970194,58.86421615427191,330.43376045722465,59.76576995539975,59.19758813721793,2.057245248151057
,,,,,0.0007751803772831426,9.484515190124512,12,,temporal_residual,64.26325007593259,59.557038834951456,324.87560679611653,60.755461165048544,59.87560679611651,,,,,,0.007737627689871792,,2.084905886340451,59.017857142857146,326.6451183170467,60.00057979063554,59.35876623376623,2.04646067075359
,,,,,0.0013974667933670062,9.271965265274048,13,,temporal_residual,65.75484517520403,60.087985436893206,316.28033980582524,61.24089805825243,60.43689320388349,,,,,,0.0068212680884503895,,2.063080999448702,59.13497217289813,325.3533163689948,60.15074212829788,59.49617347159943,2.047865084652762
,,,,,0.0006930985786382434,9.658019781112671,14,,temporal_residual,66.57939495672156,59.87560679611651,302.3710558252427,60.998179611650485,60.27002427184466,,,,,,0.006032315123669029,,2.0420643289367875,59.56284787747767,317.1291165042233,60.55716605929585,59.89969852682832,2.021582769537435
,,,,,0.0005312164503972507,9.519109964370728,15,,temporal_residual,67.71350499257554,60.36104368932039,296.91747572815535,61.51395631067961,60.70995145631068,,,,,,0.005291621493290529,,2.0190005838096914,59.736781089336844,315.23167904940516,60.751391478947234,60.05739797245372,1.9868785258635735
,,,,,0.0005776819420381657,9.370060682296753,16,,temporal_residual,69.01787160133979,61.074029126213595,295.78276699029124,62.515169902912625,61.42293689320388,,,,,,0.004593802485221924,,2.000071977020858,59.86897031982224,315.36354941826363,60.92474490017086,60.21799629384821,1.9718236749612013
,,,,,0.0007247428400713263,9.841664552688599,17,,temporal_residual,70.59128657839197,61.49878640776699,288.1560983009709,63.349514563106794,61.96905339805825,,,,,,0.003986862290033756,,1.9805068356650217,60.070153072282864,308.1348852182364,61.137523202153,60.427295929425725,1.9589776495128002
,,,,,0.0009445694175738733,11.216423749923706,18,,temporal_residual,70.24625131521844,61.18021844660194,281.47072208737865,62.46966019417476,61.529126213592235,,,,,,0.003496287719425201,,1.959737439589067,60.41280148865341,304.57345781697853,61.509160484586445,60.80647031982224,1.935916205633034
,,,,,0.0006319632193127882,11.78092098236084,19,,temporal_residual,68.30263830475165,60.664441747572816,293.34572208737865,61.63531553398058,60.952669902912625,,,,,,0.003042448094332373,,1.9400711257736405,60.809948986226864,302.3081227092,61.91790353168141,61.17115028492816,1.943891180371775
,,,,,0.0010484872946461428,9.710426568984985,20,,temporal_residual,69.20298155621778,61.195388349514566,294.13228155339806,62.40898058252427,61.529126213592235,,,,,,0.0026232461844171795,,1.9217997801768316,60.8853200503758,298.1122739222143,62.0953154099452,61.2952226477784,1.9104344341361408
,,,,,0.00035676309495296293,9.827655553817749,21,,temporal_residual,72.64251856961225,62.30279126213592,279.29763349514565,64.21419902912622,62.87924757281554,,,,,,0.002219483374267236,,1.9059145205980772,61.14216141886526,292.3649988546,62.39332096917288,61.56076067453855,1.9026311242464677
,,,,,0.00017540041104103756,10.13076376914978,22,,temporal_residual,71.50442084162994,61.908373786407765,279.58662014563106,63.228155339805824,62.25728155339806,,,,,,0.0018437204016191135,,1.891510375443991,61.41059833687621,291.3659265691584,62.70524119401907,61.86920223298011,1.8786682804811348
,,,,,0.00044640831793974904,9.671412706375122,23,,temporal_residual,74.92048738832199,62.87924757281554,261.0626516990291,64.76031553398059,63.425364077669904,,,,,,0.0015334181129242983,,1.8773536914354796,61.50220316725892,288.1499014520026,62.89424862180437,61.9202226477784,1.8553775786196145
,,,,,0.0001864203984297595,9.771552562713623,24,,temporal_residual,74.2949542712131,62.74271844660194,263.9517597087379,64.33555825242719,63.24332524271845,,,,,,0.001260322130091682,,1.8532289272778995,61.688311688311686,286.6033453507857,63.056006493506494,62.10227272727273,1.846636423208181
,,,,,0.00011999991912286258,9.50800108909607,25,,temporal_residual,74.11613477670308,62.81856796116505,270.45358009708735,64.65412621359224,63.425364077669904,,,,,,0.001006868120219389,,1.8399499239859642,61.98573748786728,282.5509334415584,63.41083025003408,62.44086271756655,1.8432692763874832
,,,,,0.00012115050939101617,9.906160116195679,26,,temporal_residual,76.47972695218326,63.334344660194176,248.5884405339806,65.06371359223301,63.83495145631068,,,,,,0.0007824080034466037,,1.8248117682221647,62.089517627443584,277.5802412156935,63.53896103896104,62.580589056015015,1.824428866210493
,,,,,0.00010496792067023157,9.490612983703613,27,,temporal_residual,76.29071077102144,63.10679611650485,249.81341019417476,65.09405339805825,63.72876213592233,,,,,,0.000589803407288477,,1.8136299882616316,62.27214749757346,275.6861665403688,63.81435528978125,62.86467996510592,1.8109891628756107
,,,,,0.00011178167554938677,9.124897718429565,28,,temporal_residual,76.65764004198417,63.37985436893204,247.02821601941747,65.10922330097087,63.86529126213592,,,,,,0.0004120602070424984,,1.797903422875838,62.397379410731325,270.5167555870948,63.86421615427191,62.90526438069034,1.7998151640290196
,,,,,0.0001347357027449654,10.080631494522095,29,,temporal_residual,77.4629180204964,63.60740291262136,245.9693567961165,65.64016990291262,64.32038834951456,,,,,,0.0002763521977187763,,1.7818345422868604,62.655960120163954,269.0340039637182,64.16570037990421,63.19167440587824,1.7917628519743392
,,,,,4.031053445871594e-05,10.281707048416138,30,,temporal_residual,77.99132080000727,63.8501213592233,246.28564927184465,66.11043689320388,64.63895631067962,,,,,,0.00016382059813575372,,1.7699882330832544,62.994550094976056,266.2274466675597,64.59821430119601,63.58360391158562,1.7832821896932658
,,,,,1.8067929206542597e-05,10.534979820251465,31,,temporal_residual,77.42888259174919,64.1383495145631,253.88501213592232,65.95873786407768,64.76031553398059,,,,,,8.019983271004967e-05,,1.7574074717311117,62.95396567939164,263.34862012987014,64.61792671835268,63.54649814692411,1.7721835044981207
,,,,,6.674418171632637e-06,10.704240322113037,32,,temporal_residual,79.51171083132765,63.98665048543689,230.40958737864077,66.3379854368932,64.7754854368932,,,,,,3.2580894781716924e-05,,1.7453088518861053,63.229939705365666,260.58859005222075,64.87824675324676,63.86305658848255,1.7585125553955152
,,,,,1.4526823770652696e-06,10.403957605361938,33,,temporal_residual,79.09599507299694,64.01699029126213,237.31265169902912,66.45934466019418,64.85133495145631,,,,,,9.653944668021817e-06,,1.7323049238749912,63.20211038961039,257.3983650702935,64.92346940102516,63.83522727272727,1.7518508740999166
,,,,,6.383628521150756e-08,11.620917081832886,34,,temporal_residual,79.79429611331304,64.35072815533981,232.94523665048544,66.48968446601941,65.18507281553399,,,,,,1.8200876817011455e-06,,1.7230385613131833,63.41256957549553,256.2362592870539,65.18668832717003,64.04162801705398,1.7457788175749547
,,,,,0.0,10.481441020965576,35,,temporal_residual,80.24939320388349,64.45691747572816,231.3334344660194,66.92961165048544,65.29126213592232,,,,,,5.459727404953597e-08,,1.7084801791550277,63.5401206047504,254.1430890962675,65.32583489046468,64.2341141112439,1.7349860552445198
,,,,,0.0,9.829895973205566,36,,temporal_residual,81.20406553398058,64.7754854368932,227.17460558252426,67.32402912621359,65.71601941747574,,,,,,0.0,,1.6944389950145375,63.61317255280235,250.1572646103896,65.36352041479829,64.25556586934374,1.7280524552447125
,,,,,0.00011801131937688994,10.091624736785889,37,,temporal_residual,80.38500623535636,64.66929611650485,233.80992111650485,67.1116504854369,65.53398058252426,,,,,,1.6885099462165448e-05,,1.6844930840777113,63.91813544483928,252.43004994578175,65.7166048303827,64.58835807713595,1.7218806691540098
,,,,,2.8438793802724302e-05,9.624074220657349,38,,temporal_residual,82.21207382077876,64.92718446601941,219.31507888349515,67.56674757281553,65.9739077669903,,,,,,0.00011237392786293262,,1.6744958063224693,64.09960576466152,242.25420340005454,65.91778758284333,64.83824212829788,1.7089385853230374
,,,,,6.508281074681328e-05,9.518439769744873,39,,temporal_residual,81.76571276527692,65.32160194174757,233.23801577669903,67.99150485436893,66.42900485436893,,,,,,0.00013206417436292697,,1.6632779489864002,64.11699908120292,243.85134511179737,65.89923470051258,64.79939703817492,1.7102922878219087
,,,,,2.320892023808748e-06,9.051334619522095,40,,temporal_residual,82.48592221405248,65.30643203883496,220.44296116504853,67.80946601941747,66.21662621359224,,,,,,1.761086755116346e-05,,1.6499425442187816,64.28339518509902,241.32606679742986,66.11375232795616,65.02608999029383,1.6994532259922583
,,,,,0.00020476139503196604,9.846603155136108,41,,temporal_residual,82.49458927649336,65.23058252427184,219.2915655339806,67.70327669902913,66.18628640776699,,,,,,0.0001263940855581011,,1.6429364715303694,64.26948051948052,239.6937616521662,66.14042207792208,65.03246753246754,1.6979160754426013
,,,,,1.5590611158065424e-05,10.007992029190063,42,,temporal_residual,84.00546038551799,65.625,212.0676577669903,68.38592233009709,66.77791262135922,,,,,,7.206955251013505e-05,,1.631592668496169,64.5663265438823,232.78562732795615,66.37639147894723,65.33337199842775,1.6853061700330196
,,,,,0.00010749994261750897,9.981657266616821,43,,temporal_residual,84.12256744053684,65.53398058252426,206.0527912621359,68.08252427184466,66.56553398058253,,,,,,0.00013143511869084367,,1.6218452722995311,64.68692022484619,233.86595550140777,66.58337199842775,65.51542207792208,1.6823061368997814
,,,,,0.0001308740595880064,9.582185745239258,44,,temporal_residual,84.97517549513198,65.8373786407767,205.54004854368932,68.73483009708738,67.05097087378641,,,,,,0.00012902301396379345,,1.6148507257560631,64.77736550492126,233.87039080533114,66.75846476059455,65.58093693349268,1.6767142536570725
,,,,,0.00012905662427249465,9.996992111206055,45,,temporal_residual,85.33937461512994,66.21662621359224,208.28807645631068,69.23543689320388,67.38470873786407,,,,,,0.00020687319755035622,,1.6018777968047502,64.70663265748458,231.5416570143266,66.61062152354748,65.52295918588514,1.6810157165943997
,,,,,2.9205733421936775e-05,10.3959481716156,46,,temporal_residual,84.74253494748032,65.625,204.37120752427185,68.50728155339806,66.8385922330097,,,,,,0.00015742380469714295,,1.5983538469710907,64.85621521999309,232.79478781563895,66.77295918588514,65.69283395618588,1.6686402188921439
,,,,,0.00015705507429479394,10.024818420410156,47,,temporal_residual,85.38045331229483,66.20145631067962,208.24863470873785,69.22026699029126,67.43021844660194,,,,,,4.247302304183786e-05,,1.5895914334755439,64.91883116883118,228.821457602761,66.96892394647969,65.77574212829788,1.6701554846995086
,,,,,3.435477180388367e-05,10.605763673782349,48,,temporal_residual,85.55934294245559,65.92839805825243,201.2719963592233,68.91686893203884,67.20266990291262,,,,,,0.00023290486954807987,,1.5736149856022426,65.3351113238892,223.18851463516037,67.23504174839367,66.10215677843465,1.6595657988659387
,,,,,4.713975110100311e-05,9.619120597839355,49,,temporal_residual,85.8248156041775,66.32281553398059,204.30597694174756,69.23543689320388,67.55157766990291,,,,,,5.5331287559918615e-05,,1.5710283412561787,65.26089982552962,222.83273424421037,67.19677644890625,66.09288034501014,1.6646179834615837
,,,,,0.0004240296310880809,9.693596601486206,50,,temporal_residual,85.64931132279028,66.30764563106796,206.78398058252426,69.37196601941747,67.50606796116504,,,,,,0.00021716728054331735,,1.557763569695609,65.24698515991112,220.31971824943244,67.32258813721793,66.10795454545455,1.653886787521029
,,,,,9.064047226628054e-05,9.860509157180786,51,,temporal_residual,85.57809012817056,65.94356796116504,197.81401699029126,68.55279126213593,67.12682038834951,,,,,,0.00016534120772262982,,1.550530810479994,65.40932282224878,220.699095589774,67.29823748786728,66.25811688311688,1.6502716257734207
,,,,,5.84772923617687e-05,9.915766716003418,52,,temporal_residual,87.02208445477616,66.35315533980582,191.5207827669903,69.43264563106796,67.62742718446601,,,,,,0.00012155475375841995,,1.540625302822559,65.5786178173957,220.68906541304156,67.5313079821599,66.39494434579626,1.6478172471222368
,,,,,0.00019630055549075303,9.606768369674683,53,,temporal_residual,86.84216251506929,66.59587378640776,199.74287014563106,69.78155339805825,67.93082524271844,,,,,,0.00018519385681523904,,1.5367620954265842,65.70269018024594,214.64062501238539,67.69248609418993,66.56829778250162,1.6482696353810504
,,,,,3.9353894377217707e-05,9.528831243515015,54,,temporal_residual,86.47232812939266,66.3379854368932,200.0045509708738,69.44781553398059,67.74878640776699,,,,,,0.0001547348949977525,,1.5227375101733518,65.6992115138413,213.3373144818591,67.63566791237174,66.55960112423092,1.6444898033605038
,,,,,0.00024062364353138267,9.599973678588867,55,,temporal_residual,87.29774282318674,66.7627427184466,197.36650485436894,69.82706310679612,68.17354368932038,,,,,,0.00012497418323288332,,1.5200206826259564,65.88879871678043,213.20068993506493,67.86120131418302,66.74512988561159,1.6368386375093924
,,,,,5.710426971171666e-05,9.397479057312012,56,,temporal_residual,87.8359194748836,66.74757281553399,191.2082827669903,69.91808252427184,68.17354368932038,,,,,,0.00021142614850877973,,1.5105865946063748,65.81110853653449,206.5211618844565,67.91743970536567,66.73643321185916,1.6373443302598971
,,,,,4.1790975673684793e-05,9.793546438217163,57,,temporal_residual,87.68646635705316,66.6868932038835,189.75804004854368,69.78155339805825,67.97633495145631,,,,,,3.5674077964783946e-05,,1.5072740474304596,65.82792207792208,204.9502841404506,67.82235622406006,66.7138219034517,1.6345927304434544
,,,,,6.998482259731848e-05,9.86908745765686,58,,temporal_residual,87.96631931629285,66.74757281553399,188.25091019417476,69.79672330097087,68.12803398058253,,,,,,0.0002338498112034618,,1.4940340207768725,66.28246753246754,204.45576303655452,68.30009277764853,67.1387987012987,1.6289689280454396
,,,,,1.1381485219140654e-05,10.143964529037476,59,,temporal_residual,88.4087372950034,66.82342233009709,186.9872572815534,70.14563106796116,68.29490291262135,,,,,,3.211456307869778e-05,,1.4845441691287151,66.13172541965137,200.55281772861233,68.14065399107994,67.02458256250853,1.631881887472949
,,,,,0.00025824842594780967,10.54019021987915,60,,temporal_residual,87.37322737884085,66.71723300970874,192.63046116504853,69.52366504854369,68.02184466019418,,,,,,8.111751901799232e-05,,1.4786304114700912,66.28188775731371,203.29223682354024,68.22240259740259,67.1103896103896,1.627557256268066
,,,,,2.8622888245628876e-05,9.990194082260132,61,,temporal_residual,88.33294759798179,66.71723300970874,182.62515169902912,69.78155339805825,68.05218446601941,,,,,,0.00024557463714333975,,1.4734530623857076,66.45002320215299,201.27867002611038,68.45547310717694,67.31852969565949,1.6271861988363914
,,,,,1.90847887865548e-05,10.108948469161987,62,,temporal_residual,88.19471991954697,66.61104368932038,183.1204490291262,69.6753640776699,68.00667475728156,,,,,,1.9263645464723762e-05,,1.4680804271202583,66.5787337817155,198.0157409767052,68.59693878656859,67.47564936613108,1.6306403400828537
,,,,,0.00023916824856429425,9.707587242126465,63,,temporal_residual,88.56594677945165,66.92961165048544,186.44417475728156,70.06978155339806,68.44660194174757,,,,,,0.00012262468963299044,,1.460439444826795,66.45524119401907,198.01281312224154,68.33951762744358,67.2675092808612,1.6279529234738026
,,,,,0.00041286569558879706,9.821587800979614,64,,temporal_residual,90.21120508487057,67.05097087378641,169.765625,70.47936893203884,68.55279126213593,,,,,,0.00020930215594655073,,1.4498286688482607,66.67381726302109,190.66857028317142,68.66245362665747,67.5626159643198,1.6169756193762843
,,,,,7.359419488212437e-05,10.147090196609497,65,,temporal_residual,89.72087010669802,67.21783980582525,177.69645024271844,70.46419902912622,68.70449029126213,,,,,,0.0001873665684573322,,1.4422851726606294,66.69932746267938,192.13871174354057,68.74536178328775,67.58812616397807,1.6212902925546886
,,,,,0.00015393758500085295,9.966191530227661,66,,temporal_residual,89.82487094389745,67.17233009708738,175.16383495145632,70.35800970873787,68.65898058252426,,,,,,0.00010386493631340744,,1.43857768356026,66.76368275246062,187.96509745213893,68.86653525488717,67.65653989531778,1.6152829822984713
,,,,,6.580246087995547e-05,10.34954309463501,67,,temporal_residual,89.52202340890608,66.86893203883496,173.92445388349515,70.25182038834951,68.31007281553399,,,,,,0.00026317365149957543,,1.4296303343463255,67.07850186855762,192.36369435198895,69.07235622406006,67.93947125410105,1.6130758471859312
,,,,,8.354397508704546e-05,10.398519039154053,68,,temporal_residual,90.34131863833522,67.09648058252426,168.7082827669903,70.54004854368932,68.56796116504854,,,,,,6.262502239377529e-05,,1.4212443398190784,67.04893321185916,188.165033662474,69.01495826708806,67.8896103896104,1.6118394576230095
,,,,,8.898796242417641e-05,10.055407762527466,69,,temporal_residual,90.71941302633005,66.9751213592233,160.37924757281553,70.35800970873787,68.37075242718447,,,,,,0.0002619154260787877,,1.41530136427322,67.072704086056,186.08314008836624,69.03756957549554,67.89714749757346,1.617770565944968
,,,,,6.053090384862955e-05,9.332459688186646,70,,temporal_residual,91.18761833267813,67.24817961165049,161.4479672330097,70.61589805825243,68.79550970873787,,,,,,6.549675812753517e-05,,1.4098216016571243,67.18750001548173,185.1534090909091,69.08743043998619,68.0728200503758,1.613185537092894
,,,,,0.00030874545930080044,9.70693325996399,71,,temporal_residual,90.51776368894063,67.21783980582525,168.4936286407767,70.58555825242719,68.70449029126213,,,,,,0.0001864170894864342,,1.3978763800162775,67.40607606900203,178.8320964961857,69.31006495054666,68.25023191315788,1.614986398266357
,,,,,3.814995650527547e-05,10.030860900878906,72,,temporal_residual,90.14223110221091,66.89927184466019,164.56007281553397,70.17597087378641,68.21905339805825,,,,,,0.00015506448296757487,,1.3952959658263566,67.42462895133279,178.39387175324674,69.42602041479829,68.37836271756655,1.6152914785644383
,,,,,0.0001082149813476118,9.984551429748535,73,,temporal_residual,90.69689992905676,67.03580097087378,158.85922330097088,70.13046116504854,68.34041262135922,,,,,,6.117059371257261e-05,,1.3859226901809891,67.61537570457953,176.5064935188789,69.56052876138068,68.44329778250162,1.6119569001845944
,,,,,0.00010321884262330323,10.203633308410645,74,,temporal_residual,90.30600212061127,67.17233009708738,168.9601031553398,70.35800970873787,68.64381067961165,,,,,,0.00028376168606941915,,1.3804913039331312,67.6142161542719,175.92413617418958,69.60343229306208,68.43865956578937,1.608920016913738
,,,,,3.944196313330271e-05,9.669599533081055,75,,temporal_residual,90.34077472693097,67.03580097087378,165.0174453883495,70.19114077669903,68.44660194174757,,,,,,8.275303886651497e-05,,1.377897096918775,67.73712895133279,175.8009334663292,69.58545918588514,68.52968460553652,1.6153339488992413
,,,,,0.00026874054331802626,9.444358348846436,76,,temporal_residual,90.99167345617673,67.12682038834951,162.75940533980582,70.61589805825243,68.70449029126213,,,,,,0.00012240718173085372,,1.3661019089934114,67.79162801705398,170.95219735975388,69.76055194805195,68.64448051948052,1.6228921228242152
,,,,,0.00017107509582945445,9.81356930732727,77,,temporal_residual,91.7820909608083,67.30885922330097,154.96510922330097,70.70691747572816,68.8258495145631,,,,,,0.00031572478048899513,,1.366282045221948,67.79046846674635,169.7942660195487,69.75301485557061,68.63578386120982,1.6076899529660789
,,,,,4.5534802003971584e-05,10.402941942214966,78,,temporal_residual,91.46316519898805,67.23300970873787,158.57251213592232,70.67657766990291,68.81067961165049,,,,,,6.738722891281828e-05,,1.3545721524721617,68.010204086056,169.4823458287623,69.99942022484619,68.93958720293912,1.609519857804752
,,,,,0.00016708704597741654,9.91375470161438,79,,temporal_residual,92.1320911602108,67.32402912621359,154.09814927184465,70.93446601941747,68.99271844660194,,,,,,0.00011974283547538284,,1.350567346733886,68.03107606900203,171.6600475558987,69.88230521028692,68.81899352197523,1.6128079584501323
,,,,,6.435140605690409e-05,9.56170392036438,80,,temporal_residual,90.48506959796367,66.99029126213593,166.05810072815535,70.43385922330097,68.55279126213593,,,,,,0.0002551390089728876,,1.3437199601879368,68.19051485557061,163.26797316910384,70.16755566968547,69.12801485557061,1.6214828230802296
,,,,,0.0001408163349605301,9.675143957138062,81,,temporal_residual,92.12699538636771,67.14199029126213,148.47314927184465,70.60072815533981,68.70449029126213,,,,,,0.00011332515898718522,,1.3361042999601984,68.27574212829788,168.99895640781946,70.25278294241274,69.10830242293221,1.6076168180669395
,,,,,0.00017978106308909296,9.58168625831604,82,,temporal_residual,92.1007798458983,67.03580097087378,148.7060072815534,70.70691747572816,68.64381067961165,,,,,,0.00026132573820378436,,1.3282233419356408,68.32850186855762,162.1314935064935,70.3548237565276,69.20976346189326,1.609222453196072
,,,,,5.778431603052084e-05,9.514405965805054,83,,temporal_residual,92.46644128554148,67.1875,148.11741504854368,70.88895631067962,68.87135922330097,,,,,,0.00015972658356632009,,1.3260409748399413,68.21486550492126,167.1204197623513,70.09856216319196,69.01437849193424,1.6263469087267386
,,,,,8.812373124280022e-05,9.396720886230469,84,,temporal_residual,91.93148831226004,67.05097087378641,149.77927791262135,70.54004854368932,68.64381067961165,,,,,,0.00010346941277706034,,1.3200846377905313,68.38879871678043,159.696109722187,70.31307979063554,69.27353897652068,1.6199920507310663
,,,,,0.0001649637209269607,9.450160264968872,85,,temporal_residual,92.24022233433823,67.17233009708738,147.62666868932038,70.60072815533981,68.75,,,,,,0.0002812323245135221,,1.3172186277129434,68.7036178173957,162.7636248105532,70.56644249272037,69.53965677843465,1.619735603193635
,,,,,1.0222033823578103e-05,9.244940042495728,86,,temporal_residual,92.54465968307305,67.21783980582525,145.62272451456312,70.7372572815534,68.8258495145631,,,,,,5.917636079990283e-05,,1.3108231773624173,68.635204086056,162.12453619226233,70.49397031982224,69.5037105795625,1.6153944505071176
,,,,,8.70587683997108e-06,9.229460716247559,87,,temporal_residual,92.40946558412362,67.12682038834951,146.9334041262136,70.67657766990291,68.8258495145631,,,,,,1.1162362400906889e-05,,1.3052132570898378,68.57084879627476,155.41735275070388,70.54441095946672,69.46776438069034,1.620669600454349
,,,,,0.0004655814467413912,9.865556001663208,88,,temporal_residual,92.53523157529659,67.35436893203884,148.39502427184465,70.79793689320388,69.00788834951456,,,,,,0.00015214259408160368,,1.300268966346592,68.88856680362255,155.84818530392337,70.767625245181,69.75707329712905,1.6136034107902675
,,,,,1.2200958665134837e-05,9.391457080841064,89,,temporal_residual,92.36316686568023,67.03580097087378,145.61589805825244,70.61589805825243,68.70449029126213,,,,,,0.0002197576047436016,,1.2960694884325004,68.78710576466152,155.1078385935201,70.69109463072442,69.68054268267248,1.6156543724745223
,,,,,3.5890278596322515e-06,9.289095163345337,90,,temporal_residual,92.44180807297579,66.95995145631068,143.96920509708738,70.60072815533981,68.65898058252426,,,,,,7.007205393566945e-06,,1.288971807430317,68.79464287262458,153.3411410195487,70.61340446596022,69.59821430119601,1.624018853729211
,,,,,2.1641495303042885e-05,9.193256855010986,91,,temporal_residual,93.35357901501261,67.24817961165049,137.97633495145632,70.9496359223301,68.91686893203884,,,,,,7.909828027195899e-06,,1.2861287510240234,69.2109230122009,152.2124594403552,71.0662105795625,70.08406772241963,1.61980853265929
,,,,,0.00019867669393136664,9.54237413406372,92,,temporal_residual,93.28918909529152,67.09648058252426,138.11741504854368,70.78276699029126,68.94720873786407,,,,,,0.0002799618173943978,,1.2720397509537733,69.33963359176339,149.60540352858507,71.09461967047159,70.12755102925486,1.6154066746674696
,,,,,3.421507341769135e-05,9.386520624160767,93,,temporal_residual,92.61237693002303,67.09648058252426,145.0606796116505,70.69174757281553,68.87135922330097,,,,,,0.00010371400330532433,,1.277691678412549,69.08453154873538,150.38616071428572,70.96764843185227,69.95303804224187,1.619646028407569
,,,,,6.338219764163193e-05,9.393766641616821,94,,temporal_residual,92.71213275322019,67.12682038834951,144.38258495145632,70.75242718446601,68.88652912621359,,,,,,3.919367902033793e-05,,1.2650245005434209,69.4666048303827,150.4449791350922,71.32942950570738,70.29046846674635,1.6157357634849918
,,,,,8.793312658384009e-05,9.565980195999146,95,,temporal_residual,93.03603929266407,67.20266990291262,140.04930218446603,70.61589805825243,68.93203883495146,,,,,,0.0003019179596056158,,1.2637269083555642,69.122217073069,147.33824212210519,71.01403061445657,70.00753710796306,1.6232448463301057
,,,,,1.632373382165594e-05,9.725034475326538,96,,temporal_residual,93.47688025177447,67.38470873786407,140.70160800970874,71.11650485436893,69.1747572815534,,,,,,5.297418442455932e-05,,1.2649817976084623,69.28339518509902,145.64500234034153,71.15085807713595,70.1600185617224,1.6263904259042832
,,,,,7.781417118114176e-05,9.731938600540161,97,,temporal_residual,93.2709912549225,67.08131067961165,136.82797330097088,70.6614077669903,68.88652912621359,,,,,,6.032558868154611e-05,,1.2557918906211853,69.46428572976744,141.56748609418992,71.34566327194115,70.32119667375242,1.630275169043865
,,,,,0.00017516333067301408,9.573318481445312,98,,temporal_residual,93.41716357193056,67.12682038834951,137.4658677184466,70.84344660194175,68.99271844660194,,,,,,0.0002644873381907562,,1.2493795007854314,69.5240027873547,144.2706111065753,71.28536642371834,70.33163265748458,1.6228890442153783
,,,,,6.236588057962436e-05,9.579379796981812,99,,temporal_residual,93.59508183316228,67.15716019417475,137.80188106796118,71.07099514563107,69.08373786407768,,,,,,0.00011456477177607548,,1.245343016958856,69.76055196353367,141.227707602761,71.530612258168,70.55658628414204,1.6310021541651012
,,,,,0.0003464751451918222,9.390938758850098,100,,temporal_residual,93.56017685100001,67.27851941747574,139.4705703883495,71.05582524271844,69.18992718446601,,,,,,0.000199762606719666,,1.2365284199838515,69.81157236285024,141.38584184027337,71.65352505522888,70.68297774760754,1.6382824280886974
,,,,,9.817062217055015e-05,9.361112117767334,101,,temporal_residual,93.16316256719705,67.20266990291262,140.16686893203882,70.79793689320388,68.97754854368932,,,,,,0.000180291492284454,,1.2346497619306886,69.85157700328084,138.46648887535196,71.70222635393019,70.70384973055357,1.6338064757365625
,,,,,0.00014740250353674286,9.284451007843018,102,,temporal_residual,94.10169165900103,67.35436893203884,133.55506674757282,71.10133495145631,69.23543689320388,,,,,,0.00017316287630819716,,1.227614065114554,70.07826995539975,139.05713708060128,71.84427180847564,70.91083025003408,1.6369969659638637
,,,,,5.3047229653423274e-05,9.488937139511108,103,,temporal_residual,93.85667210492007,67.23300970873787,133.86832524271844,70.96480582524272,69.08373786407768,,,,,,0.00021922802951341108,,1.227318851514296,70.05102041479829,137.20558905911136,71.8489100251879,70.9601113238892,1.6461400262360435
,,,,,4.654768311861649e-05,9.635202407836914,104,,temporal_residual,93.83161175028575,67.24817961165049,133.70752427184465,70.91929611650485,69.06856796116504,,,,,,7.857363637519377e-05,,1.22220022523558,69.97333025003408,138.10925907283635,71.8286178173957,70.86676716804504,1.6350981286428508
,,,,,0.00017087029528270648,9.432872295379639,105,,temporal_residual,94.27887495163087,67.20266990291262,130.96101334951456,71.13167475728156,69.18992718446601,,,,,,0.00025283283656636895,,1.2208596599566472,70.20466141886526,131.9202226415857,71.98283859661647,71.05345547973336,1.6347457818614626
,,,,,4.101454198939129e-05,9.564021348953247,106,,temporal_residual,94.00430620170009,67.17233009708738,133.35027305825244,71.05582524271844,69.14441747572816,,,,,,0.00011682736036967178,,1.2108823435647147,70.28583025003408,136.67839753782593,72.14517625895414,71.07780612908401,1.63725057851921
,,,,,0.0002703871758817469,9.44872236251831,107,,temporal_residual,94.18354230588392,67.08131067961165,130.35118325242718,71.11650485436893,69.05339805825243,,,,,,0.0001567771040128435,,1.2063804473195756,70.48527366155153,132.18828270652077,72.21416976544764,71.30102041479829,1.646396162440476
,,,,,4.701442944193349e-05,9.707285165786743,108,,temporal_residual,93.75667240656009,67.06614077669903,134.92870145631068,70.96480582524272,69.06856796116504,,,,,,0.00026659807105255376,,1.2075783974164491,70.32235622406006,137.42793368054674,71.99153525488717,71.10563544483928,1.64523586312544
,,,,,4.9596634304639206e-05,9.74298882484436,109,,temporal_residual,94.57038586968284,67.24817961165049,125.80021237864078,71.01031553398059,69.12924757281553,,,,,,6.219738809574795e-05,,1.2038328785400887,70.82676252761445,131.78562734034153,72.46347404145575,71.58221243263839,1.6499362483765314
,,,,,0.00016424777800018347,10.035828351974487,110,,temporal_residual,94.214069457514,67.09648058252426,129.59041262135923,71.08616504854369,69.03822815533981,,,,,,0.00016949589822710454,,1.1990875857216972,70.43019482067653,131.9386595688857,72.17590446596022,71.23840446596022,1.6436962190183622
,,,,,4.22428931715419e-05,9.956724405288696,111,,temporal_residual,94.12748575193301,67.14199029126213,132.8534587378641,71.19235436893204,69.15958737864078,,,,,,0.0002849537582119115,,1.1959304835889246,70.42729592942572,129.3068181818182,72.24547774760754,71.24304268267248,1.6502480449028385
,,,,,1.4888683279741158e-05,9.128674030303955,112,,temporal_residual,94.07427110022603,67.09648058252426,130.2002427184466,71.08616504854369,68.94720873786407,,,,,,2.877836518505378e-05,,1.1833151792551015,70.93344157392329,125.17462895133279,72.65074212829788,71.74107144405315,1.6457803810684426
,,,,,0.0002112606703077705,10.128665447235107,113,,temporal_residual,93.40435836900532,67.06614077669903,137.34147451456312,71.04065533980582,68.87135922330097,,,,,,4.6827645498772405e-05,,1.184018429688045,70.72356216319196,127.61679615912499,72.35099722812703,71.53525047488027,1.652394612437313
,,,,,5.563974235821696e-05,10.473057270050049,114,,temporal_residual,94.76759430539151,67.2633495145631,126.08464805825243,71.20752427184466,69.2506067961165,,,,,,0.00027862556127327884,,1.1825498040620384,70.94561689859862,128.46501044483927,72.65943878656859,71.70048702846874,1.6585675489555285
,,,,,6.42110747330397e-05,10.743854522705078,115,,temporal_residual,94.9487225176016,67.14199029126213,122.77760922330097,71.28337378640776,69.12924757281553,,,,,,4.728261817992414e-05,,1.1776246453260446,70.95083489046468,122.03197474293894,72.5539193060491,71.68947125410105,1.653244998269868
,,,,,0.00020321865466613214,9.334538698196411,116,,temporal_residual,94.69204080994105,67.12682038834951,122.76243932038835,71.01031553398059,69.00788834951456,,,,,,0.0001806527971102578,,1.1615137131183177,71.32653061445657,123.66993277413505,72.98295454545455,72.09821428571429,1.6620420379546081
,,,,,0.00010107209887898085,10.013386487960815,117,,temporal_residual,95.17942455804555,67.24817961165049,122.54854368932038,71.31371359223301,69.32645631067962,,,,,,0.00022934831971512025,,1.1692193936992001,71.1462198604237,127.42123725197531,72.85888219808604,71.92138219808604,1.6715378257834796
,,,,,6.709085072128518e-05,9.666473388671875,118,,temporal_residual,94.4430791697293,67.12682038834951,127.86559466019418,71.14684466019418,69.0989077669903,,,,,,9.449705454220772e-05,,1.1723845816277838,71.12186921107305,123.72083720913182,72.75394249272037,71.86108534986323,1.6563440931653513
,,,,,0.00021776220607526095,9.599864482879639,119,,temporal_residual,94.26983134489942,67.1116504854369,127.28155339805825,70.97997572815534,68.9623786407767,,,,,,0.0001820594293644422,,1.1601204077918807,71.45524119401907,120.46750348574156,73.0960111339371,72.19445733280925,1.6630641048394361
,,,,,5.706764974640411e-05,9.567357778549194,120,,temporal_residual,94.47736365147188,67.08131067961165,125.54080703883496,71.05582524271844,68.99271844660194,,,,,,0.00020804036417261656,,1.157263004315364,71.33406772241963,118.66172892087465,73.00672541965137,72.23156308198904,1.6679637489966976
,,,,,0.0002259527812305006,9.602829933166504,121,,temporal_residual,94.34070472177841,66.99029126213593,127.15412621359224,70.97997572815534,69.02305825242719,,,,,,0.0001595850640646327,,1.1502560906595998,71.7254174529732,121.4082212571974,73.3940167086465,72.47217069972645,1.6694071119271436
,,,,,0.00013587480971535433,9.425034999847412,122,,temporal_residual,94.03021165286147,66.99029126213593,132.26790048543688,71.17718446601941,69.02305825242719,,,,,,0.000203859486079294,,1.1545428040739778,71.39610391158563,121.01026206821591,73.01136365184536,72.04139611937784,1.671456714856972
,,,,,5.312471930841798e-05,9.461830139160156,123,,temporal_residual,94.48470608162812,67.08131067961165,125.16459344660194,71.07099514563107,68.9623786407767,,,,,,0.00015292048164002308,,1.1486316233486324,71.37523191315788,117.3015422201776,73.03629407634983,72.16372914128489,1.6764393500911379
,,,,,9.7814187841508e-05,9.604817628860474,124,,temporal_residual,94.71164559472751,67.2633495145631,128.01653519417476,71.3743932038835,69.26577669902913,,,,,,0.00021118642368267725,,1.1471866802735762,71.48249073462053,117.59099606105259,72.98121521999309,72.2588126225905,1.67673937846156
,,,,,0.00014342195851710235,9.684294700622559,125,,temporal_residual,94.90041758618365,67.20266990291262,124.80354975728156,71.32888349514563,69.22026699029126,,,,,,0.00012579983608289197,,1.1421915271065453,71.56307979063554,119.5304963000409,73.14993043998619,72.28954082959658,1.670780076563937
,,,,,8.079675433126468e-05,9.682934522628784,126,,temporal_residual,94.68670712521083,66.99029126213593,125.76835558252426,71.26820388349515,69.11407766990291,,,,,,0.00018158442721219866,,1.140122752375417,71.57525511531087,114.3870883669172,73.22704082959658,72.39911875167451,1.6685534298998639
,,,,,8.658270885064765e-05,9.508665084838867,127,,temporal_residual,94.5956874184374,67.06614077669903,123.8721177184466,71.08616504854369,68.9623786407767,,,,,,0.00025252754246387417,,1.140248914198442,71.5480055747094,119.7040236584552,73.35517161852354,72.42462895133279,1.6777564721200073
,,,,,5.1683248970115066e-05,9.368656396865845,128,,temporal_residual,94.94702411486668,67.21783980582525,124.60027305825243,71.26820388349515,69.28094660194175,,,,,,5.749936505483899e-05,,1.1282848576446631,72.14807515020495,114.26049398447012,73.77551021514,72.95164657877638,1.6741221199915246
,,,,,0.0001950095434790676,9.282874345779419,129,,temporal_residual,94.88111889029953,67.02063106796116,123.05370145631068,71.28337378640776,69.08373786407768,,,,,,0.00017952460781655988,,1.123816535689614,71.96718460553652,112.90285833779868,73.53896105444277,72.68205009497605,1.688741611045541
,,,,,2.49822307558893e-05,9.252678871154785,130,,temporal_residual,95.11049632370401,67.06614077669903,122.1776395631068,71.2378640776699,69.26577669902913,,,,,,0.00018943116373957783,,1.123822078766761,72.14749537505112,114.4468054337935,73.75115956578937,72.92729592942572,1.6923030435460285
,,,,,4.2005451124848674e-05,9.25001859664917,131,,temporal_residual,94.65303188030998,67.03580097087378,125.24120145631068,71.14684466019418,69.0989077669903,,,,,,3.611981343977265e-05,,1.1257972579497795,71.84543135878327,114.35262060784675,73.40445269237865,72.57595083930276,1.698129361694299
,,,,,0.00021335189637628575,9.46214246749878,132,,temporal_residual,94.82711311881295,67.06614077669903,124.39244538834951,71.26820388349515,69.14441747572816,,,,,,0.00019016489041659245,,1.1226595140122748,71.88369667375242,110.53736665651395,73.4601113238892,72.64378479548863,1.6853852173657093
,,,,,5.474739066026743e-05,9.588373899459839,133,,temporal_residual,95.05333464127125,67.08131067961165,121.28033980582525,71.25303398058253,69.12924757281553,,,,,,0.00021319443461031263,,1.123346696890794,72.16546846674635,111.69063080131234,73.7239100251879,72.84728664856452,1.6902863255982261
,,,,,0.00018001506918842352,9.491262674331665,134,,temporal_residual,95.38761235846984,67.12682038834951,120.13577063106796,71.3743932038835,69.31128640776699,,,,,,9.837046488794474e-05,,1.1159404663296488,72.14285715833887,110.04957097536558,73.65723563479139,72.8490259895077,1.6909720608331624
,,,,,0.00015194744812053383,9.08720088005066,135,,temporal_residual,94.69440987835577,66.88410194174757,122.63804611650485,71.08616504854369,68.9623786407767,,,,,,0.00022301685021375306,,1.1059235455153824,72.43216605929585,109.0342938559396,74.05612245782629,73.1789193060491,1.690010924362442
,,,,,8.372897372662442e-05,8.749854326248169,136,,temporal_residual,94.91959532811441,66.94478155339806,121.52988470873787,71.14684466019418,69.06856796116504,,,,,,0.00011622980031012498,,1.1092523135148085,72.36027366155153,107.53017742602856,73.95524119401907,73.08267625895414,1.6929791286153701
,,,,,8.187726935715351e-05,9.368327379226685,137,,temporal_residual,95.31182843040838,67.08131067961165,121.36756674757281,71.48058252427184,69.28094660194175,,,,,,0.00021882476856309902,,1.1053836968037989,72.33360391158563,108.82734234302075,73.84740261288432,73.03977274275445,1.6992263197898865
,,,,,8.134777178463427e-05,9.612038612365723,138,,temporal_residual,95.39969253455317,67.23300970873787,121.78625606796116,71.48058252427184,69.40230582524272,,,,,,0.00014200787267941746,,1.098095814283792,72.67393321185916,107.7987302928776,74.20396567939164,73.44097866640462,1.7022587344484421
,,,,,0.0002076689298581151,9.985015630722046,139,,temporal_residual,95.22207699519429,67.12682038834951,120.68795509708738,71.3743932038835,69.18992718446601,,,,,,0.00021660174133540313,,1.0917445740142426,72.81423934094317,103.1095199584961,74.3402133669172,73.53664193834577,1.6955105569756146
,,,,,5.821507532619736e-05,9.73226523399353,140,,temporal_residual,95.35976650672197,67.03580097087378,118.77730582524272,71.31371359223301,69.20509708737865,,,,,,0.00014350948948923395,,1.0922083616256715,72.9841141112439,107.85847636631557,74.3599257995556,73.57664657877638,1.7118913930596658
,,,,,9.074264649048592e-05,9.784100770950317,141,,temporal_residual,95.53318721044049,67.05097087378641,116.98877427184466,71.31371359223301,69.23543689320388,,,,,,7.967213739950191e-05,,1.0948332283403965,72.54174398137377,104.94126857410778,74.02713359176339,73.20326995539975,1.7101325149675017
,,,,,0.0002511252549666803,9.790302276611328,142,,temporal_residual,95.2816622010188,67.08131067961165,120.41717233009709,71.35922330097087,69.23543689320388,,,,,,0.00025326495989401183,,1.091310817854745,72.83974954060146,104.88149350649351,74.28049629384822,73.52968460553652,1.702290063922845
,,,,,0.00014556038365202043,9.600338459014893,143,,temporal_residual,95.33797815887402,67.09648058252426,118.57554611650485,71.35922330097087,69.14441747572816,,,,,,0.00019165284671048127,,1.0926365703731389,72.65074212829788,105.97509859753893,74.14019018024594,73.32850186855762,1.712869909781854
,,,,,4.198248452931932e-05,9.461602210998535,144,,temporal_residual,95.3921095513612,66.88410194174757,117.04566140776699,71.31371359223301,69.0989077669903,,,,,,8.273643402094717e-05,,1.0881382174306102,72.76089982552962,103.15274234870812,74.1367115138413,73.41836735799716,1.7155306154084438
,,,,,0.00010395883718161907,9.419798135757446,145,,temporal_residual,95.02869625836881,66.95995145631068,119.40761529126213,71.17718446601941,68.99271844660194,,,,,,0.00017998812307434326,,1.084252286266971,72.97309833687622,102.04165700813392,74.42254174839367,73.69202226787418,1.717279846807128
,,,,,0.00012238943967425708,9.650661706924438,146,,temporal_residual,95.61831912324647,66.95995145631068,115.35573422330097,71.40473300970874,69.14441747572816,,,,,,0.0002153166302354317,,1.081085101195744,73.06470316725891,102.75095664680778,74.4463126225905,73.7065167086465,1.7145084015374046
,,,,,0.00011648349825618337,9.746545314788818,147,,temporal_residual,95.29386553504838,66.88410194174757,118.17885315533981,71.35922330097087,69.06856796116504,,,,,,0.0001399396730578571,,1.0790466810201669,73.0015074277853,102.05252783639091,74.46834417132588,73.65665585963757,1.7122208886933559
,,,,,0.00018664888892937632,9.739893913269043,148,,temporal_residual,95.1055731918274,66.85376213592232,118.54141383495146,71.25303398058253,68.9623786407767,,,,,,0.00024419960074690655,,1.0733448592099277,73.02991651869439,100.03669991431298,74.57618275246062,73.76855288233075,1.7224361167370694
,,,,,4.615580427993849e-05,9.248206853866577,149,,temporal_residual,95.71820157570492,67.1116504854369,116.76198422330097,71.5260922330097,69.29611650485437,,,,,,0.00011109613947687117,,1.0724620144088548,73.25950836206411,100.01832097536558,74.63589982552962,73.88508813721793,1.7214249771775552
,,,,,0.00011939157560033706,9.842727899551392,150,,temporal_residual,95.05854985566395,66.89927184466019,119.79293082524272,71.20752427184466,69.03822815533981,,,,,,9.65972543450665e-05,,1.070645591190883,73.23805658848255,101.91659902597402,74.61038962587133,73.87175326223498,1.7329353632278812
