candidate_oracle_10m,candidate_oracle_5m,change_acc,close_acc_1,close_acc_2,count_exact_acc,count_mae,duration_mae_minutes,elapsed_sec,epoch,expected_count_mae,model,selection_score,start_exact_acc,start_mae_minutes,start_tol_10m,start_tol_5m,train_candidate_oracle_10m,train_candidate_oracle_5m,train_change_acc,train_close_acc_1,train_close_acc_2,train_count_exact_acc,train_count_mae,train_duration_mae_minutes,train_expected_count_mae,train_loss,train_start_exact_acc,train_start_mae_minutes,train_start_tol_10m,train_start_tol_5m,val_loss
,,94.71153846153847,14.663461538461538,22.83653846153846,4.8076923076923075,6.435096153846154,,1.233062744140625,1,4.617150343381441,occurrence_residual,-50.538312911987305,,,,,,,92.5,16.375,26.25,5.0,6.34125,,5.3792956447601314,4.304711222648621,,,,,3.841472790791438
,,94.71153846153847,17.307692307692307,27.403846153846153,6.730769230769231,5.574519230769231,,0.7989435195922852,2,3.54655645443843,occurrence_residual,-36.52276427929218,,,,,,,93.875,17.6875,29.625,6.0,5.600625,,4.510543165206909,3.793124794960022,,,,,3.5298472367800198
,,94.71153846153847,27.64423076923077,43.02884615384615,8.653846153846153,3.5600961538461537,,0.7270689010620117,3,3.1258094677558312,occurrence_residual,-13.18352633256179,,,,,,,93.4375,23.0625,36.5,7.8125,4.81375,,3.7090617418289185,3.499578928947449,,,,,3.253466716179481
,,94.71153846153847,29.807692307692307,44.23076923076923,10.096153846153847,3.512019230769231,,0.7322144508361816,4,2.8464922171372633,occurrence_residual,-9.4821227147029,,,,,,,94.0625,25.5625,41.4375,7.875,4.29375,,3.4194244289398195,3.373488540649414,,,,,3.1408161566807675
,,94.71153846153847,31.971153846153847,46.63461538461539,11.298076923076923,3.141826923076923,,0.704261302947998,5,2.814597863417405,occurrence_residual,-4.433872222900391,,,,,,,94.0625,27.1875,43.25,8.5625,4.00875,,3.2341783905029295,3.2598870372772217,,,,,3.039123351757343
,,94.71153846153847,34.85576923076923,49.51923076923077,11.538461538461538,2.9735576923076925,,0.6611790657043457,6,2.634298251225398,occurrence_residual,-1.1165199279785156,,,,,,,93.875,29.1875,46.5625,11.25,3.6725,,3.0368501949310303,3.167104654312134,,,,,2.97366111095135
,,94.71153846153847,33.89423076923077,51.68269230769231,12.01923076923077,2.925480769230769,,0.6036460399627686,7,2.595642933478722,occurrence_residual,-0.4330525031456549,,,,,,,94.0625,32.1875,49.0625,12.375,3.40125,,2.9072745990753175,3.0661492443084715,,,,,2.9317622918349047
,,94.71153846153847,35.33653846153846,52.16346153846154,11.057692307692308,2.8365384615384617,,0.6877346038818359,8,2.5156848522332997,occurrence_residual,0.14158751414372084,,,,,,,94.0625,30.6875,49.3125,11.6875,3.466875,,2.9003555178642273,3.0333701848983763,,,,,2.8829090228447547
,,94.71153846153847,38.46153846153846,53.60576923076923,12.5,2.6778846153846154,,0.7072904109954834,9,2.2968559907032895,occurrence_residual,4.822191421802225,,,,,,,94.0625,33.8125,52.0625,13.125,3.239375,,2.8331954169273375,2.963586277961731,,,,,2.8081120527707615
,,94.71153846153847,36.05769230769231,53.36538461538461,11.778846153846153,2.826923076923077,,0.6954302787780762,10,2.575818887123695,occurrence_residual,0.9515321438129103,,,,,,,94.0625,37.5,54.0625,14.5,3.064375,,2.714878125190735,2.9064710760116577,,,,,2.881365262545072
,,94.71153846153847,40.14423076923077,57.93269230769231,12.740384615384615,2.5841346153846154,,0.6997635364532471,11,2.3621124304257908,occurrence_residual,6.14049258598914,,,,,,,93.875,37.3125,55.8125,16.1875,2.945625,,2.5694766521453856,2.8392974805831908,,,,,2.7962046586550198
,,94.71153846153847,36.29807692307692,55.76923076923077,13.461538461538462,2.7211538461538463,,0.6910233497619629,12,2.5927580319918118,occurrence_residual,3.496756333571213,,,,,,,93.875,37.625,56.0,16.375,2.88875,,2.5397771787643433,2.8141156435012817,,,,,2.8572061978853664
,,94.71153846153847,37.74038461538461,55.76923076923077,12.5,2.641826923076923,,0.6875998973846436,13,2.365750001027034,occurrence_residual,4.582673072814941,,,,,,,94.0625,40.5,57.3125,17.6875,2.780625,,2.5049200224876405,2.763901124000549,,,,,2.737573953775259
,,94.71153846153847,42.06730769230769,60.09615384615385,13.461538461538462,2.4735576923076925,,0.6923549175262451,14,2.1403165688881507,occurrence_residual,9.306522185985857,,,,,,,94.0625,40.125,58.6875,18.1875,2.7425,,2.4329839730262757,2.717371287345886,,,,,2.635662684073815
,,94.71153846153847,40.625,59.85576923076923,11.538461538461538,2.641826923076923,,0.6785180568695068,15,2.380119277880742,occurrence_residual,4.573272888477032,,,,,,,93.8125,41.25,60.25,17.5625,2.673125,,2.3681415700912476,2.677034659385681,,,,,2.7206803285158596
,,94.71153846153847,40.625,60.33653846153846,15.384615384615385,2.5288461538461537,,0.7170982360839844,16,2.183356312605051,occurrence_residual,10.110324749579796,,,,,,,93.9375,42.1875,60.4375,20.9375,2.565625,,2.347373025417328,2.633420777320862,,,,,2.6661218129671536
,,94.71153846153847,34.85576923076923,57.21153846153846,12.5,2.610576923076923,,0.6991424560546875,17,2.3254693012971144,occurrence_residual,3.9841804871192394,,,,,,,93.6875,40.875,60.375,19.0,2.654375,,2.3486577010154726,2.6368536233901976,,,,,2.695629358291626
,,94.71153846153847,41.10576923076923,61.29807692307692,16.10576923076923,2.4158653846153846,,0.7089591026306152,18,2.1775430807700524,occurrence_residual,11.92684690768902,,,,,,,93.875,43.4375,61.4375,21.125,2.569375,,2.3146337366104124,2.581673150062561,,,,,2.6340314608353834
,,94.71153846153847,44.71153846153846,62.01923076923077,14.663461538461538,2.3822115384615383,,0.6995558738708496,19,2.000102694217975,occurrence_residual,12.72555076158964,,,,,,,94.25,45.0625,63.8125,21.75,2.385,,2.2140801191329955,2.5190627431869506,,,,,2.534347185721764
,,94.71153846153847,43.50961538461539,64.1826923076923,17.78846153846154,2.173076923076923,,0.5782485008239746,20,1.8588858567751372,occurrence_residual,17.667821957514843,,,,,,,93.875,42.9375,63.1875,20.8125,2.459375,,2.2229239106178285,2.5036929750442507,,,,,2.4875935591184177
,,94.71153846153847,43.75,64.90384615384616,14.903846153846153,2.25,,0.5738420486450195,21,2.0558690291184645,occurrence_residual,13.464023883526142,,,,,,,94.1875,47.5625,65.625,24.875,2.259375,,2.0580848956108095,2.394354555606842,,,,,2.552796822327834
,,94.71153846153847,43.75,63.94230769230769,16.346153846153847,2.3100961538461537,,0.5756411552429199,22,1.9676172916705792,occurrence_residual,14.778569294856148,,,,,,,94.0625,49.125,67.125,23.5,2.234375,,2.1297207355499266,2.4389406299591063,,,,,2.5230888770176816
,,94.71153846153847,43.02884615384615,62.5,16.826923076923077,2.237980769230769,,0.5748841762542725,23,1.8386706022115855,occurrence_residual,16.099644514230583,,,,,,,94.3125,48.125,67.375,23.0625,2.16375,,2.0121594953536985,2.367664518356323,,,,,2.470379297549908
,,94.71153846153847,45.67307692307692,62.98076923076923,16.346153846153847,2.237980769230769,,0.5758254528045654,24,2.0345497131347656,occurrence_residual,15.760839608999397,,,,,,,94.1875,50.75,70.625,26.0625,2.0175,,1.965636477470398,2.32411235332489,,,,,2.53771710395813
,,95.4326923076923,47.11538461538461,66.34615384615384,18.509615384615383,2.105769230769231,,0.5754125118255615,25,1.8424798066799457,occurrence_residual,20.3271961578956,,,,,,,94.4375,51.5,69.4375,26.625,2.004375,,1.9465190076828003,2.288472692966461,,,,,2.4352037814947276
,,94.95192307692308,47.83653846153846,70.1923076923077,18.509615384615383,2.016826923076923,,0.5752408504486084,26,1.8412708594248846,occurrence_residual,21.247897331531227,,,,,,,93.875,50.75,70.375,28.3125,2.03,,1.8967764282226562,2.2527566003799437,,,,,2.4153630916888895
,,94.71153846153847,47.35576923076923,69.23076923076923,18.028846153846153,1.9879807692307692,,0.6945605278015137,27,1.6903293682978704,occurrence_residual,21.409355603731598,,,,,,,94.25,51.625,70.4375,27.8125,1.954375,,1.8526693344116212,2.2201080560684203,,,,,2.3445214950121365
,,94.71153846153847,47.59615384615385,66.34615384615384,18.75,2.1033653846153846,,0.607022762298584,28,1.781745122029231,occurrence_residual,20.925904127267692,,,,,,,94.25,53.0625,71.875,27.8125,1.93625,,1.8353347206115722,2.1894432973861693,,,,,2.395314876849835
,,94.71153846153847,48.31730769230769,69.47115384615384,18.509615384615383,2.0096153846153846,,0.6003336906433105,29,1.711367286168612,occurrence_residual,21.969434701479393,,,,,,,94.3125,53.4375,71.1875,31.0,1.938125,,1.8295841121673584,2.1638370728492737,,,,,2.3694905776243944
,,95.1923076923077,49.51923076923077,68.50961538461539,19.471153846153847,2.0288461538461537,,0.5993554592132568,30,1.8214619251397939,occurrence_residual,22.80549845328698,,,,,,,94.25,54.0,73.25,30.4375,1.851875,,1.73706214427948,2.1015534806251526,,,,,2.4007616226489725
,,95.1923076923077,46.875,70.91346153846153,18.26923076923077,2.050480769230769,,0.6702883243560791,31,1.8231310019126306,occurrence_residual,20.498341376964866,,,,,,,94.75,55.0625,73.75,31.125,1.786875,,1.7274711322784424,2.0875775718688967,,,,,2.416216960320106
,,95.4326923076923,46.875,68.99038461538461,17.307692307692307,2.0721153846153846,,0.6883420944213867,32,1.83608524615948,occurrence_residual,19.335947476900543,,,,,,,94.5,55.4375,73.5,31.9375,1.779375,,1.7122754907608033,2.0553785228729247,,,,,2.4589747190475464
,,95.1923076923077,48.31730769230769,67.78846153846153,19.23076923076923,2.019230769230769,,0.6671805381774902,33,1.689981038753803,occurrence_residual,22.747287383446324,,,,,,,94.9375,57.6875,74.375,32.625,1.706875,,1.6614813113212585,2.025835270881653,,,,,2.3340747906611514
,,95.1923076923077,51.68269230769231,73.07692307692308,18.75,1.8798076923076923,,0.5756287574768066,34,1.6089643790171697,occurrence_residual,24.883854022392857,,,,,,,94.9375,56.6875,75.0625,32.8125,1.6775,,1.6737518548965453,1.9940287113189696,,,,,2.279993634957534
,,94.71153846153847,48.55769230769231,71.39423076923077,20.673076923076923,1.9014423076923077,,0.5823311805725098,35,1.708783819125249,occurrence_residual,25.092749338883618,,,,,,,94.25,58.25,77.4375,33.5,1.6075,,1.6229794812202454,1.94610848903656,,,,,2.3123350601929884
,,95.1923076923077,51.92307692307692,72.83653846153847,18.26923076923077,1.8966346153846154,,0.5777943134307861,36,1.573326220879188,occurrence_residual,24.495156654944786,,,,,,,94.625,59.3125,77.4375,35.5625,1.598125,,1.578792643547058,1.9084193563461305,,,,,2.282047546826876
,,95.4326923076923,54.80769230769231,75.24038461538461,24.278846153846153,1.7163461538461537,,0.5757327079772949,37,1.5702828627366285,occurrence_residual,32.99290701059195,,,,,,,95.0,59.9375,78.375,36.125,1.55125,,1.5719842219352722,1.8829021978378295,,,,,2.239525556564331
,,95.4326923076923,53.125,75.0,20.192307692307693,1.75,,0.5867757797241211,38,1.5758797939007099,occurrence_residual,28.025807747474083,,,,,,,94.9375,61.6875,78.75,36.375,1.518125,,1.4758417296409607,1.8410922527313232,,,,,2.263123558117793
,,94.71153846153847,57.93269230769231,76.4423076923077,24.759615384615383,1.6394230769230769,,0.7760491371154785,39,1.5250009206625132,occurrence_residual,35.29182324042687,,,,,,,94.4375,59.3125,78.0625,36.5625,1.590625,,1.5336957001686096,1.8615614318847655,,,,,2.244243080799396
,,95.4326923076923,50.0,74.03846153846153,22.83653846153846,1.7764423076923077,,0.7614855766296387,40,1.5951006412506104,occurrence_residual,29.287866665766792,,,,,,,94.375,61.625,78.625,38.9375,1.50375,,1.5106119084358216,1.8139350175857545,,,,,2.2580452607228207
,,95.4326923076923,52.40384615384615,75.96153846153847,19.951923076923077,1.7475961538461537,,0.6665430068969727,41,1.5619062735484197,occurrence_residual,27.608144136575547,,,,,,,94.875,62.9375,79.875,38.5625,1.426875,,1.4200423181056976,1.7646563863754272,,,,,2.2596688178869395
,,95.4326923076923,55.28846153846154,77.16346153846153,22.35576923076923,1.6923076923076923,,0.7236511707305908,42,1.4271549903429472,occurrence_residual,32.00291850016667,,,,,,,95.25,63.5,79.1875,40.0625,1.43875,,1.4416138195991517,1.7446605515480043,,,,,2.172187796005836
,,93.99038461538461,51.92307692307692,77.16346153846153,21.875,1.7355769230769231,,0.7426187992095947,43,1.532114551617549,occurrence_residual,29.4340417935298,,,,,,,94.6875,63.5625,79.9375,41.125,1.40625,,1.4205962777137757,1.7289806246757506,,,,,2.255699662061838
,,95.4326923076923,50.72115384615385,75.0,22.115384615384617,1.75,,1.3710103034973145,44,1.4872301725240855,occurrence_residual,29.462137002211357,,,,,,,95.1875,64.6875,80.875,40.4375,1.376875,,1.3771965050697326,1.6902719116210938,,,,,2.181921812204214
,,95.1923076923077,53.84615384615385,75.72115384615384,22.596153846153847,1.6923076923076923,,0.7077441215515137,45,1.4741078156691332,occurrence_residual,31.52664566040039,,,,,,,95.4375,64.4375,80.875,41.6875,1.349375,,1.3803720355033875,1.6725480198860168,,,,,2.1811603124325094
,,95.67307692307692,49.75961538461539,70.4326923076923,18.75,1.8798076923076923,,0.7173011302947998,46,1.6724596573756292,occurrence_residual,24.004872908959022,,,,,,,95.125,65.875,82.6875,43.5625,1.305,,1.3531551146507264,1.637338275909424,,,,,2.342838874230018
,,95.91346153846153,56.49038461538461,77.40384615384616,23.557692307692307,1.65625,,0.7441277503967285,47,1.42474915431096,occurrence_residual,33.97167645967923,,,,,,,95.3125,65.625,80.625,43.125,1.333125,,1.3493782138824464,1.640968918800354,,,,,2.1625758592899027
,,95.67307692307692,55.28846153846154,77.64423076923077,24.03846153846154,1.6298076923076923,,0.7151834964752197,48,1.43075469823984,occurrence_residual,34.195250437809875,,,,,,,95.75,66.375,81.8125,44.25,1.308125,,1.354449099302292,1.614023995399475,,,,,2.1355194586973925
,,94.23076923076923,55.52884615384615,75.96153846153847,26.682692307692307,1.6802884615384615,,0.7174170017242432,49,1.5620740010188177,occurrence_residual,35.85026168823242,,,,,,,95.5625,65.875,81.6875,45.0625,1.3125,,1.3243397879600525,1.5670769309997559,,,,,2.291994259907649
,,91.58653846153847,54.08653846153846,75.24038461538461,21.39423076923077,1.7211538461538463,,0.7081093788146973,50,1.460985568853525,occurrence_residual,29.870000032278202,,,,,,,95.4375,67.125,81.9375,46.25,1.25,,1.3083675849437713,1.571526391506195,,,,,2.2417637751652646
,,95.4326923076923,53.60576923076923,75.96153846153847,18.990384615384617,1.7932692307692308,,0.7876682281494141,51,1.4992706775665283,occurrence_residual,26.95243652050312,,,,,,,96.0,67.625,83.6875,45.5,1.23625,,1.249191073179245,1.511092426776886,,,,,2.3018143452130833
,,95.91346153846153,54.56730769230769,78.125,24.03846153846154,1.6274038461538463,,0.6970996856689453,52,1.360690162732051,occurrence_residual,34.266373964456406,,,,,,,95.4375,68.0625,82.625,46.4375,1.246875,,1.3024380707740784,1.5401804423332215,,,,,2.1649446212328396
,,90.86538461538461,54.56730769230769,75.72115384615384,23.557692307692307,1.6706730769230769,,0.7248358726501465,53,1.4498952902280366,occurrence_residual,32.5778226852417,,,,,,,95.625,69.4375,83.375,47.0625,1.1875,,1.2368302607536317,1.4929098749160767,,,,,2.2330859074225793
,,96.39423076923077,51.68269230769231,73.79807692307692,22.115384615384617,1.7355769230769231,,0.7341666221618652,54,1.4370133601702177,occurrence_residual,30.211081174703743,,,,,,,96.1875,72.0625,84.625,48.125,1.1475,,1.2444944834709168,1.472051203250885,,,,,2.2373396433316746
,,91.58653846153847,52.16346153846154,74.27884615384616,22.115384615384617,1.7692307692307692,,0.7413277626037598,55,1.563991299042335,occurrence_residual,29.121438649984505,,,,,,,96.0625,69.4375,84.9375,49.0625,1.150625,,1.211201947927475,1.42945636510849,,,,,2.30995681652656
,,94.95192307692308,55.28846153846154,75.24038461538461,21.153846153846153,1.7019230769230769,,0.6938865184783936,56,1.414931324812082,occurrence_residual,30.724890085367058,,,,,,,96.625,70.4375,84.625,47.5,1.188125,,1.2378359866142272,1.452916808128357,,,,,2.228515285712022
,,96.39423076923077,50.0,74.03846153846153,19.951923076923077,1.8197115384615385,,0.9584164619445801,57,1.5190702768472524,occurrence_residual,26.457372738764846,,,,,,,96.375,69.8125,85.1875,49.0625,1.13375,,1.1803335106372834,1.4260878086090087,,,,,2.3611865777235765
,,95.91346153846153,49.27884615384615,71.63461538461539,21.634615384615383,1.7980769230769231,,0.6995580196380615,58,1.5506633061629076,occurrence_residual,27.88628908304067,,,,,,,97.125,71.75,86.4375,51.25,1.056875,,1.157394471168518,1.3658774423599243,,,,,2.39649904691256
,,95.4326923076923,51.44230769230769,71.875,20.91346153846154,1.8028846153846154,,0.7004923820495605,59,1.505986736370967,occurrence_residual,28.01451459297767,,,,,,,96.5,70.6875,85.5625,50.3125,1.13375,,1.1721017730236054,1.3620442724227906,,,,,2.320419054764968
,,95.1923076923077,53.36538461538461,75.96153846153847,24.51923076923077,1.7091346153846154,,0.7006292343139648,60,1.5409960930164044,occurrence_residual,32.87928485870361,,,,,,,96.5625,70.25,84.4375,50.1875,1.128125,,1.1840280890464783,1.3647372806072235,,,,,2.3059511184692383
,,95.4326923076923,56.97115384615385,77.40384615384616,23.076923076923077,1.6394230769230769,,0.6754095554351807,61,1.4067102487270648,occurrence_residual,33.817870543553276,,,,,,,96.1875,71.5,85.625,50.1875,1.101875,,1.1343606758117675,1.3482093369960786,,,,,2.2463416778124294
,,94.23076923076923,56.49038461538461,76.4423076923077,24.759615384615383,1.6466346153846154,,0.6805522441864014,62,1.3879344921845655,occurrence_residual,35.229512031261734,,,,,,,96.4375,71.875,85.25,51.625,1.06875,,1.0987743639945984,1.3147092187404632,,,,,2.2095029720893273
,,94.23076923076923,57.45192307692308,77.64423076923077,23.076923076923077,1.6706730769230769,,0.6880049705505371,63,1.4502317905426025,occurrence_residual,33.44186129936806,,,,,,,96.3125,73.25,86.25,54.25,1.025,,1.0873813140392303,1.2405044746398926,,,,,2.330102883852445
,,96.15384615384616,54.80769230769231,74.27884615384616,24.759615384615383,1.7019230769230769,,0.6875715255737305,64,1.452314386001,occurrence_residual,34.133050148303695,,,,,,,96.9375,72.8125,85.6875,54.25,1.05,,1.1315817964076995,1.2479030442237855,,,,,2.312757079417889
,,95.4326923076923,57.21153846153846,78.125,27.16346153846154,1.5721153846153846,,0.6459009647369385,65,1.3592600180552556,occurrence_residual,38.71680608162513,,,,,,,96.0625,73.6875,86.3125,55.25,1.039375,,1.0999923491477965,1.2317664694786072,,,,,2.2462620643469005
,,94.47115384615384,55.52884615384615,77.16346153846153,24.03846153846154,1.6442307692307692,,0.7168984413146973,66,1.4351161259871263,occurrence_residual,34.02636241912842,,,,,,,96.625,72.4375,85.0,53.125,1.0625,,1.0877645456790923,1.2675652027130127,,,,,2.338740669764005
,,95.67307692307692,54.80769230769231,76.4423076923077,24.759615384615383,1.7091346153846154,,0.6459817886352539,67,1.4426892766585717,occurrence_residual,34.065781354904175,,,,,,,97.375,74.75,87.375,55.8125,0.98375,,1.0824349975585938,1.2299079740047454,,,,,2.361813242618854
,,91.82692307692308,53.84615384615385,76.6826923076923,24.278846153846153,1.6754807692307692,,0.693356990814209,68,1.3774782510904164,occurrence_residual,33.39393314948449,,,,,,,97.4375,74.375,86.625,54.5,1.01375,,1.0867973637580872,1.2257893705368041,,,,,2.3196052404550405
,,95.1923076923077,55.04807692307692,75.0,24.51923076923077,1.6586538461538463,,0.6995639801025391,69,1.4090018547498262,occurrence_residual,34.40005027330839,,,,,,,97.5,75.3125,87.5625,57.5,0.9625,,1.0631495928764343,1.160979162454605,,,,,2.3156531957479625
,,93.99038461538461,52.64423076923077,74.27884615384616,24.278846153846153,1.6899038461538463,,0.6876606941223145,70,1.4929916400175829,occurrence_residual,32.61216805531428,,,,,,,97.4375,77.125,87.5625,57.1875,0.928125,,1.0526572465896606,1.1753092300891876,,,,,2.4639279200480533
,,95.91346153846153,53.84615384615385,75.72115384615384,25.0,1.6730769230769231,,0.7214562892913818,71,1.4417863534047053,occurrence_residual,34.28573920176579,,,,,,,97.6875,76.25,88.0625,57.875,0.92,,0.9862252926826477,1.122995090484619,,,,,2.413008974148677
,,94.71153846153847,53.84615384615385,77.16346153846153,24.03846153846154,1.6394230769230769,,0.6842710971832275,72,1.411308114345257,occurrence_residual,33.59515215800359,,,,,,,97.75,75.875,86.8125,57.0625,0.95,,1.0128141021728516,1.1066562247276306,,,,,2.419701466193566
,,93.26923076923077,56.49038461538461,78.125,25.721153846153847,1.5985576923076923,,0.7000584602355957,73,1.3408452822611883,occurrence_residual,36.667868870955246,,,,,,,97.75,75.375,87.0625,57.25,0.945625,,1.0507423603534698,1.1308509838581084,,,,,2.2867753414007335
,,92.54807692307692,52.40384615384615,74.27884615384616,21.634615384615383,1.7716346153846154,,0.6590652465820312,74,1.5080275718982403,occurrence_residual,29.025582020099343,,,,,,,97.125,78.0,87.5625,60.9375,0.8725,,0.989609545469284,1.088248418569565,,,,,2.5531074633965125
,,94.71153846153847,58.65384615384615,79.8076923076923,24.51923076923077,1.5625,,0.692000150680542,75,1.3401086926460266,occurrence_residual,36.65879599864666,,,,,,,98.125,76.3125,87.3125,58.6875,0.941875,,1.0160181951522826,1.111810783147812,,,,,2.385818499785203
,,92.54807692307692,56.25,76.4423076923077,24.759615384615383,1.6057692307692308,,0.692962646484375,76,1.4494411670244658,occurrence_residual,35.05800456267137,,,,,,,97.6875,78.8125,88.6875,62.5625,0.815625,,0.9398255026340485,1.0374112844467163,,,,,2.533421699817364
,,93.99038461538461,54.32692307692308,76.4423076923077,24.759615384615383,1.6730769230769231,,0.7013037204742432,77,1.430450214789464,occurrence_residual,34.06666067930368,,,,,,,98.6875,77.5625,87.0,60.8125,0.9125,,0.9561967813968658,1.0505946612358092,,,,,2.5493007531532874
,,95.67307692307692,56.25,78.36538461538461,24.51923076923077,1.5769230769230769,,0.6823632717132568,78,1.3653769263854394,occurrence_residual,35.6971461406121,,,,,,,97.4375,79.5625,89.3125,63.375,0.819375,,0.9485458207130432,1.0029935717582703,,,,,2.4618079295525184
,,94.71153846153847,56.00961538461539,77.64423076923077,24.759615384615383,1.6346153846153846,,0.7175111770629883,79,1.4465916065069346,occurrence_residual,34.9708451124338,,,,,,,98.375,79.1875,89.25,62.8125,0.81625,,0.9295854181051254,0.9834289574623107,,,,,2.5211670031914344
,,95.4326923076923,53.125,75.0,23.798076923076923,1.6826923076923077,,0.6671555042266846,80,1.4315799107918372,occurrence_residual,32.74723804914034,,,,,,,98.0,79.125,88.6875,62.75,0.825625,,0.9149327117204666,1.000599353313446,,,,,2.4910516830591054
,,92.0673076923077,58.17307692307692,77.40384615384616,24.51923076923077,1.5673076923076923,,0.6588840484619141,81,1.316113068507268,occurrence_residual,36.28362464904785,,,,,,,98.0,78.6875,88.4375,63.5625,0.83875,,0.9493355774879455,0.9890124094486237,,,,,2.462692306591914
,,93.50961538461539,54.56730769230769,74.03846153846153,24.51923076923077,1.6658653846153846,,0.6834487915039062,82,1.4022024319722102,occurrence_residual,34.03301719518808,,,,,,,98.125,80.25,88.8125,63.875,0.7925,,0.895309773683548,0.9596330606937409,,,,,2.6396404046278734
,,96.39423076923077,56.97115384615385,76.92307692307692,24.51923076923077,1.6105769230769231,,0.667327880859375,83,1.3479274006990285,occurrence_residual,35.822232704896194,,,,,,,98.125,78.875,89.375,64.5625,0.794375,,0.8873244065046311,0.9407816171646118,,,,,2.4687391886344323
,,96.15384615384616,58.89423076923077,77.64423076923077,26.442307692307693,1.5793269230769231,,0.6921234130859375,84,1.3774957381761992,occurrence_residual,38.52607473960289,,,,,,,98.8125,80.4375,89.9375,65.0625,0.770625,,0.892818706035614,0.921684033870697,,,,,2.5303976444097667
,,94.47115384615384,55.76923076923077,77.16346153846153,25.48076923076923,1.5889423076923077,,0.7426316738128662,85,1.3824706490223224,occurrence_residual,36.20569432698763,,,,,,,98.4375,79.5625,89.875,63.75,0.806875,,0.9220067739486695,0.9625665301084518,,,,,2.510167901332562
,,94.95192307692308,55.04807692307692,77.16346153846153,25.48076923076923,1.6370192307692308,,0.6961195468902588,86,1.3482080606313853,occurrence_residual,35.75380237285906,,,,,,,98.8125,81.3125,89.5,65.6875,0.76,,0.8904167449474335,0.9240382552146912,,,,,2.536064863204956
,,91.34615384615384,58.65384615384615,78.60576923076923,25.48076923076923,1.5600961538461537,,0.7049415111541748,87,1.3673507800469031,occurrence_residual,37.19405841827393,,,,,,,97.625,80.875,89.25,65.5625,0.7825,,0.8943149161338806,0.9216307640075684,,,,,2.6000925302505493
,,94.95192307692308,56.73076923076923,78.125,23.798076923076923,1.5817307692307692,,0.7172291278839111,88,1.3259247174629798,occurrence_residual,35.191493437840386,,,,,,,98.3125,80.8125,89.9375,66.125,0.730625,,0.866919019818306,0.9039814841747283,,,,,2.5879600781660814
,,94.71153846153847,58.17307692307692,78.125,25.96153846153846,1.5769230769230769,,0.683826208114624,89,1.3511100182166467,occurrence_residual,37.77344454251803,,,,,,,98.5,78.8125,88.1875,63.875,0.86875,,0.9594017285108566,0.9396551990509033,,,,,2.5091519905970645
87.84975853279559,84.67153476102509,,,,,,0.0,12.057130575180054,1,,temporal_ranker,10.30663047673276,16.894769298769262,253.04821209315836,23.053528621357724,19.023723133506564,86.78258951999798,82.76183735071918,,,,,,0.0,,17.864958200937114,13.055285743296379,369.38433303907226,18.486543933603667,15.122406379272618,13.286788648062378
87.84975853279559,84.67153476102509,,,,,,0.0,11.906537771224976,2,,temporal_ranker,15.095134284619217,18.309002990977174,222.08485986194472,24.7262780180704,20.498784064539592,86.80285559785969,82.80236894982335,,,,,,0.0,,12.544493825519131,15.908722901999486,236.99153592150498,22.478924122012078,18.34062951823501,11.680771027168218
87.84975853279559,84.67153476102509,,,,,,0.0,11.999377012252808,3,,temporal_ranker,16.780839869989094,18.187348484775445,199.7779864290335,24.741484926347315,20.392336321138117,86.78258954319045,82.78210312707878,,,,,,0.0,,11.646539291055285,16.622082191856453,220.933453786234,23.261187412569495,19.094520626075074,10.618561593285442
87.84975853279559,84.67153476102509,,,,,,0.0,11.908966064453125,4,,temporal_ranker,19.364477479849413,19.206204945153562,189.0571829002269,25.94282318477648,21.51764051947933,86.76232363927225,82.76183724635305,,,,,,0.0,,10.773358877530821,17.477302677233627,201.64660930633545,24.30285408889969,20.0267515047399,10.107035950152543
87.84975853279559,84.67153476102509,,,,,,0.0,11.725905179977417,5,,temporal_ranker,23.134672276838852,21.395985992883677,179.66165333768748,27.72202029497954,23.64659439636408,86.76232343054004,82.76183723475683,,,,,,0.0,,10.207012452040201,18.174449284108,187.7348872195886,24.841926799152148,20.573930532204038,9.64596294834666
87.84975853279559,84.67153476102509,,,,,,0.0,11.892895936965942,6,,temporal_ranker,25.92457488937317,22.26277425422938,164.55672606934596,29.029806178525416,24.57420988565814,86.80285543551241,82.80236901940074,,,,,,0.0,,9.762448089132048,18.709468721604186,177.6311257284439,25.664721874353486,21.234598510866036,9.021559527320584
87.84975853279559,84.67153476102509,,,,,,0.0,11.859739780426025,7,,temporal_ranker,26.443127336227974,22.582117465399477,163.3972066510333,29.212287922192665,24.90875990721431,86.80285548189735,82.80236908897815,,,,,,0.0,,9.564174803314506,18.851329960247885,174.53206561418824,25.834955348984742,21.222439000984576,9.032235716381212
87.84975853279559,84.67153476102509,,,,,,0.0,11.80053973197937,8,,temporal_ranker,27.943188252283704,23.372871681612775,161.65906725138643,30.170317217163795,25.790755023812725,86.78258948520927,82.78210308069384,,,,,,0.0,,9.29544690425294,19.52415746691046,166.86993812308702,26.70638855503227,22.0087554856613,8.886248687758062
87.84975853279559,84.67153476102509,,,,,,0.0,12.13430118560791,9,,temporal_ranker,28.467397389773033,23.555353539486003,157.19738862810343,30.261558049569164,25.912409455236727,86.78258968234526,82.78210323144489,,,,,,0.0,,9.144185393700804,19.710603672358776,164.3741941730336,26.94147287175813,22.089819002766088,8.643653302297105
87.84975853279559,84.67153476102509,,,,,,0.0,12.101025104522705,10,,temporal_ranker,28.271898730392873,23.524939818103817,158.3105276100827,30.10948995386597,25.881995962266505,86.8028552615689,82.8023689382271,,,,,,0.0,,8.951279515886121,20.407750229949155,159.2726616915098,27.614300387842647,22.819391010394355,8.7416695782738
87.84975853279559,84.67153476102509,,,,,,0.0,11.895430326461792,11,,temporal_ranker,29.990390023567382,24.45255552765227,151.9411540031433,31.067518987794863,26.611922849921413,86.80285542391617,82.7415713888198,,,,,,0.0,,8.819538168406208,20.744164022780115,155.90386285856076,27.804799769291154,23.09095392344295,8.494207608438757
87.84975853279559,84.67153476102509,,,,,,0.0,12.434993505477905,12,,temporal_ranker,29.18783544149712,24.239660153695702,157.79121447653665,30.672141944948773,26.475061627145667,86.78258954319045,82.7618372579493,,,,,,0.0,,8.639056673309682,20.946822850330793,153.20931051491763,28.11284125112142,23.41926134687917,8.628976881068988
87.84975853279559,84.67153476102509,,,,,,0.0,12.162282228469849,13,,temporal_ranker,30.081631108944432,24.61983042422437,152.89157902237272,30.976278111882454,26.824818374793026,86.78258957797915,82.78210315027125,,,,,,0.0,,8.53790100353701,21.449416938168994,150.8848133161374,28.615435314317622,23.840791797301648,8.424761612049855
87.84975853279559,84.67153476102509,,,,,,0.0,11.992972612380981,14,,temporal_ranker,31.952068828601035,25.41058468122552,145.47825856800497,32.1015821919389,27.539538418071984,86.80285537753123,82.8023691353631,,,,,,0.0,,8.451187571662873,21.648022660021653,149.56286923894623,28.80593467547272,23.998865757702852,8.073400098912037
87.84975853279559,84.67153476102509,,,,,,0.0,12.134582757949829,15,,temporal_ranker,33.404015513950014,26.201338995329657,143.67625109470674,33.01399124473551,28.391119979158805,86.78258970553773,82.78210321984866,,,,,,0.0,,8.273744773308128,22.10603174590415,144.8279465311696,29.04507216602448,24.416343067638604,7.994247781099194
87.84975853279559,84.67153476102509,,,,,,0.0,12.068057775497437,16,,temporal_ranker,33.25663110459373,26.201339003487224,144.47308768321128,32.75547529550364,28.43674047149881,86.76232353490614,82.76183733912293,,,,,,0.0,,8.189176533472677,22.430285975221068,143.5169461450688,29.64088926345458,24.9716284210116,7.994233376788397
87.84975853279559,84.67153476102509,,,,,,0.0,12.388172149658203,17,,temporal_ranker,32.369283052843855,25.547446037241578,146.06067928954633,32.360098230904036,27.87408828055554,86.76232356969484,82.76183723475683,,,,,,0.0,,8.041853381502026,22.677529764140626,139.70351414921683,30.305610431887295,25.17023422113884,8.114813280801703
87.84975853279559,84.67153476102509,,,,,,0.0,12.286943912506104,18,,temporal_ranker,33.89556058477746,26.35340701761472,143.32953541818327,33.059611677253336,28.83211757960546,86.78258961276785,82.74157141201228,,,,,,0.0,,7.876186291995215,22.819391025614415,137.77035108800064,30.00567530930506,25.271563595776893,7.997311675635568
87.84975853279559,84.67153476102509,,,,,,0.0,12.476643323898315,19,,temporal_ranker,35.25097414077851,27.037713755547564,137.41180473870605,33.880779633883144,29.303528702933423,86.80285538912747,82.78210306909762,,,,,,0.0,,7.828912970620834,23.605707531309314,135.2863605940852,31.213522316880727,26.16326273908179,7.646132100237547
87.84975853279559,84.67153476102509,,,,,,0.0,11.925849199295044,20,,temporal_ranker,36.1006700398985,27.64598619954212,136.00973647876378,34.13929536150102,29.911801277449097,86.80285535433877,82.80236914695932,,,,,,0.0,,7.763438441873988,23.54490987898543,135.2239418957484,30.856842625929687,25.96060386949476,7.64723839725021
87.84975853279559,84.67153476102509,,,,,,0.0,12.118630409240723,21,,temporal_ranker,34.552677341300424,26.809611572564517,140.8181309525984,33.424575184981755,29.10584022501742,86.76232358129108,82.76183726954552,,,,,,0.0,,7.6591609498406195,23.90564271042319,133.30233028426707,31.237841351138943,26.414559778652304,7.836138062233473
87.84975853279559,84.67153476102509,,,,,,0.0,12.053221940994263,22,,temporal_ranker,35.344465792538045,27.113747708227514,138.80931015432316,34.20012277571389,29.349149217026948,86.78258951999798,82.78210312707878,,,,,,0.0,,7.598576939059603,24.15693969491159,130.75977190923135,31.72422265670179,26.682069459893825,7.750522415133288
87.84975853279559,84.67153476102509,,,,,,0.0,12.08719778060913,23,,temporal_ranker,37.40352903887303,28.1326042583389,134.93081256420942,35.20377235908578,30.596107864466898,86.80285530795383,82.80236904259321,,,,,,0.0,,7.518523120694587,24.489300351604413,130.02857875267355,32.02415782711849,26.998217360402823,7.5831909510341005
87.84975853279559,84.67153476102509,,,,,,0.0,12.184212923049927,24,,temporal_ranker,36.12238535715716,27.60036575206875,140.4904236410656,34.565086042794,30.07907622704541,86.80285541231994,82.80236894982335,,,,,,0.0,,7.415690453599863,24.392024000041214,127.12447670183293,32.34435888115998,27.115759546306812,7.819795366621365
87.84975853279559,84.67153476102509,,,,,,0.0,12.162696838378906,25,,temporal_ranker,37.87950220523525,28.178224631034546,132.02250968800843,35.3862539205673,30.748176019992272,86.7825897287302,82.78210313867503,,,,,,0.0,,7.393820194882641,24.517672587229583,127.32591958361377,32.17007219211601,27.172503985667507,7.478841593665798
87.84975853279559,84.67153476102509,,,,,,0.0,12.067347288131714,26,,temporal_ranker,36.588443970821636,28.02615655436568,144.8342493502763,35.158151874903346,30.596107981392066,86.80285537753123,82.80236899620829,,,,,,0.0,,7.253683541071554,24.720331455367084,123.61827532604974,32.47000738282612,27.44812004934953,7.931429107693861
87.84975853279559,84.67153476102509,,,,,,0.0,11.920532941818237,27,,temporal_ranker,36.74890615727997,28.02615659787272,141.5929174945302,35.14294501149306,30.504867051095857,86.78258949680551,82.76183721156436,,,,,,0.0,,7.278971082969399,24.700065531155477,124.15572668791745,32.4335287575128,27.33057793012389,7.888040330288184
87.84975853279559,84.67153476102509,,,,,,0.0,12.012503862380981,28,,temporal_ranker,38.06867503737011,28.43674055307451,134.5050220767947,35.61435620280078,31.021898702113297,86.80285545870488,82.80236896141957,,,,,,0.0,,7.149672340790121,25.105383322512594,121.73537130949562,32.93206967732322,27.744002106820563,7.580138361366996
87.84975853279559,84.67153476102509,,,,,,0.0,11.842268705368042,29,,temporal_ranker,33.42512263975439,26.916059171848925,158.048971012561,33.68309091803801,29.227494861740265,86.80285527316512,82.8023691005744,,,,,,0.0,,7.059522998935981,24.8824585852456,119.6974337611217,32.49027329254243,27.569715446767177,8.654040568066339
87.84975853279559,84.67153476102509,,,,,,0.0,11.695122241973877,30,,temporal_ranker,37.641059489102254,28.482360996469094,137.56919473627187,35.46228797113808,30.915451082434966,86.76232362767601,82.76183728114177,,,,,,0.0,,6.969293969150647,25.55933921717484,117.5028405347223,33.66974799781458,28.441148709346347,7.670402077862816
87.84975853279559,84.67153476102509,,,,,,0.0,12.037133693695068,31,,temporal_ranker,39.192397709832576,29.07542668446137,134.239662546311,36.511558120268106,31.6757916534034,86.7825894272281,82.78210324304113,,,,,,0.0,,6.948752449644215,25.251297738243633,117.63254229660627,33.52383358353307,28.193904862445617,7.402886373283219
87.84975853279559,84.67153476102509,,,,,,0.0,11.726036787033081,32,,temporal_ranker,38.53540256945756,28.89294482386895,134.94373868851767,35.94890606664393,31.35644863121701,86.78258951999798,82.78210315027125,,,,,,0.0,,6.866355858888143,26.086252365362782,115.29243989213431,34.200714293736894,28.882945057888904,7.567817265099853
87.84975853279559,84.67153476102509,,,,,,0.0,11.35299038887024,33,,temporal_ranker,41.826278474557135,30.246351229665922,127.73799006086196,38.09306669409258,32.998784332379806,86.78258967074903,82.78210327782983,,,,,,0.0,,6.814364972281549,26.03356100415905,114.48302046334233,34.342575534192505,28.97616813270962,7.1999090466186075
87.84975853279559,84.67153476102509,,,,,,0.0,12.167760372161865,34,,temporal_ranker,38.907300329491164,29.105840237253773,140.08440200429763,36.754867298542145,31.736618840563906,86.78258971713396,82.78210318505995,,,,,,0.0,,6.787186265919459,26.065986468692234,113.87362490368261,34.44390503928819,29.134242138046236,7.81231947362858
87.84975853279559,84.67153476102509,,,,,,0.0,12.103997230529785,35,,temporal_ranker,41.276521705145385,29.972628552983277,128.05201111048677,37.59124184394405,32.7250616720123,86.80285544710864,82.80236915855556,,,,,,0.0,,6.733386469722258,26.191635025440487,112.69678487388076,34.80058464326747,29.23151838814238,7.178865176917863
87.84975853279559,84.67153476102509,,,,,,0.0,12.08727240562439,36,,temporal_ranker,41.815572876608286,30.07907631949787,126.35112960843274,38.09306678110666,32.877129854729574,86.8028554007237,82.78210318505995,,,,,,0.0,,6.657132879769292,26.738813971730984,110.89352631383369,35.27885960697664,29.701686954915754,7.122702421063054
87.84975853279559,84.67153476102509,,,,,,0.0,11.978593349456787,37,,temporal_ranker,42.990998760409596,30.565694322551256,123.63367156825797,38.67092551323619,33.54622972925214,86.8028554007237,82.80236908897815,,,,,,0.0,,6.592271077957599,26.629378150873148,109.78173943345185,35.36802955870498,29.689527401548414,7.123394111647223
87.84975853279559,84.67153476102509,,,,,,0.0,11.776014566421509,38,,temporal_ranker,37.42244623929915,28.55839506335502,145.43415840524827,35.857665212485045,31.128346305476487,86.80285547030111,82.80236907738193,,,,,,0.0,,6.609094571510641,26.54020830640997,110.42903206691668,35.092413393555915,29.531453532467555,8.024284481132117
87.84975853279559,84.67153476102509,,,,,,0.0,11.953762292861938,39,,temporal_ranker,42.74270183317853,30.23114435537888,121.22491169149858,38.579684800475185,33.15085236826082,86.78258956638291,82.78210310388631,,,,,,0.0,,6.491706974775411,26.83203707409276,107.79831701911377,35.6882305692606,30.021888020553476,6.920312268890604
87.84975853279559,84.67153476102509,,,,,,0.0,12.04631233215332,40,,temporal_ranker,43.459976800667114,30.869830459573844,123.94921260593581,39.203164095643665,33.77433176132014,86.78258955478668,82.78210311548256,,,,,,0.0,,6.4538355499853886,26.775292684016062,107.13460895801796,35.91520853833466,30.01378169029603,6.987966643632763
87.84975853279559,84.67153476102509,,,,,,0.0,12.042466163635254,41,,temporal_ranker,43.30285997930234,30.748176025430652,124.3924915964586,39.203164111958806,33.65267725103963,86.78258954319045,82.78210313867503,,,,,,0.0,,6.384953124050036,27.152238180317305,106.14137789154795,36.219196862283844,30.48395028895905,7.045988216887426
87.84975853279559,84.67153476102509,,,,,,0.0,11.945666313171387,42,,temporal_ranker,44.04385763754809,31.78223936009581,128.43598270938344,39.62895485171436,34.50425882844159,86.80285543551241,82.80236908897815,,,,,,0.0,,6.328829072792706,27.63861944964192,104.2416533700223,36.70963136486506,30.96627848157623,7.1506517629553805
87.84975853279559,84.67153476102509,,,,,,0.0,11.775222778320312,43,,temporal_ranker,43.10693559292024,30.93065783707765,128.26718759362714,39.400852787016085,33.66788420690237,86.76232361607978,82.76183723475683,,,,,,0.0,,6.306689129265366,27.585928150767945,104.18531443822245,36.83122664632037,30.970331643805892,7.254224651921405
87.84975853279559,84.67153476102509,,,,,,0.0,11.695164680480957,44,,temporal_ranker,44.536254271821385,31.310828133438626,122.75623834481205,39.82664346151108,34.443431608650805,86.76232356969484,82.76183735071918,,,,,,0.0,,6.182665613374821,27.83722516134787,101.47758887435675,37.11089598819439,31.079767409581617,6.937373939221793
87.84975853279559,84.67153476102509,,,,,,0.0,12.301963567733765,45,,temporal_ranker,44.824818711602774,31.78223926220497,127.32284409286332,40.25243415232122,34.88442916287123,86.802855365935,82.80236899620829,,,,,,0.0,,6.205505032019857,28.210117531657684,102.30788230895996,37.1595341001967,31.497244725315486,7.179049843419207
87.84975853279559,84.67153476102509,,,,,,0.0,12.075791835784912,46,,temporal_ranker,44.89197194132491,31.9038937670471,127.24376896872137,40.343675039110394,34.89963593926743,86.78258941563188,82.7821032662336,,,,,,0.0,,6.202211228326137,27.821012452998513,102.49919224805869,37.16764039276639,31.128405553473574,7.19574826651246
87.84975853279559,84.67153476102509,,,,,,0.0,12.084428787231445,47,,temporal_ranker,45.73582844695035,32.07116885124332,124.01384139583058,40.63260456288818,35.34063347717271,86.78258950840174,82.78210318505995,,,,,,0.0,,6.146716971341738,28.335766086956408,101.64741706755375,37.79588300256414,31.87419032743237,7.054904543570358
87.84975853279559,84.67153476102509,,,,,,0.0,11.751216173171997,48,,temporal_ranker,46.68874815767698,32.51216638371022,121.60660296461008,41.301704192683644,35.76642429850397,86.78258951999798,82.78210320825242,,,,,,0.0,,6.082240759630611,28.31550014390092,100.59237489440562,37.59322411993134,31.4850852241312,6.983418343711073
87.84975853279559,84.67153476102509,,,,,,0.0,11.542057275772095,49,,temporal_ranker,45.31107188498017,31.721412107674745,125.8067249207601,40.5869842010693,35.08211777810633,86.78258971713396,82.78210309229009,,,,,,0.0,,6.05166220711363,28.13716039699339,99.65892791284197,37.62970266407102,31.521563794362407,7.1054557918632115
87.84975853279559,84.67153476102509,,,,,,0.0,11.661617279052734,50,,temporal_ranker,45.11800611132253,32.268857270696735,125.6538966406871,40.11557287108289,35.11253140703605,86.80285553987852,82.80236911217062,,,,,,0.0,,5.9547432030221366,28.59111625106882,96.39389057567611,38.12824360127579,32.121434045324996,7.126483067108767
87.84975853279559,84.67153476102509,,,,,,0.0,11.912144899368286,51,,temporal_ranker,47.776765287270514,32.98357763212093,119.79167025889794,42.03163113472235,36.34428334062117,86.78258955478668,82.78210309229009,,,,,,0.0,,5.9170423959479725,28.39251053211522,96.29175053960155,37.94585053848849,31.90256252247072,6.784956877249001
87.84975853279559,84.67153476102509,,,,,,0.0,11.79214859008789,52,,temporal_ranker,47.712531806169636,32.846716155100914,118.2185254740889,41.894770081895985,36.22262880314876,86.76232365086848,82.74157124966499,,,,,,0.0,,5.974492540155404,28.899157730000027,97.3573310876171,38.59841217384728,32.425422538869114,6.721906630662236
87.84975853279559,84.67153476102509,,,,,,0.0,11.870443344116211,53,,temporal_ranker,47.57694796543487,32.96837078502578,121.81417654900655,41.98601112639817,36.32907652615631,86.80285549349358,82.80236897301582,,,,,,0.0,,5.9828317963195685,28.84241324860298,97.85080517776281,38.41601933138843,32.35651845482073,6.891808017326968
87.84975853279559,84.67153476102509,,,,,,0.0,11.71177077293396,54,,temporal_ranker,48.30693559402967,33.02919787973383,117.34641431456934,42.42700847396015,36.481144502215145,86.7825894272281,82.78210321984866,,,,,,0.0,,5.90628593719423,29.280156498695163,96.51508052525354,38.5821994495531,32.72535764985511,6.704101926218854
87.84975853279559,84.67153476102509,,,,,,0.0,11.709140300750732,55,,temporal_ranker,47.22792112009369,32.892336761646895,122.94556298830213,41.86435652910358,36.13138789460607,86.80285562105216,82.80236903099699,,,,,,0.0,,5.8356029885288345,29.23557147789558,94.69601432637018,39.25502698013291,32.72130438905746,6.9766722752230015
87.84975853279559,84.67153476102509,,,,,,0.0,11.937000274658203,56,,temporal_ranker,48.024514797830236,32.81630265125393,118.12044155858729,42.41180178457803,36.2682492302282,86.80285549349358,82.80236907738193,,,,,,0.0,,5.794445431649917,29.377432776332366,93.52728055145026,39.25097384399477,33.013133165437424,6.733706063597742
87.84975853279559,84.67153476102509,,,,,,0.0,11.953815460205078,57,,temporal_ranker,48.248298200812656,33.21167977023734,119.79014964869422,42.39659492116775,36.63321271212432,86.76232369725342,82.7415713192424,,,,,,0.0,,5.7917050754049875,29.438230398216135,94.33325502659096,39.20233571749717,33.0860904725957,6.781610810843698
87.84975853279559,84.67153476102509,,,,,,0.0,12.137241840362549,58,,temporal_ranker,48.09872367007889,33.22688655479111,120.32923209406164,42.21411299531477,36.61800573994643,86.78258962436409,82.78210309229009,,,,,,0.0,,5.743358842129838,29.547666256761737,92.39664663832475,39.70087649815277,33.30496199400044,6.887409401636054
87.84975853279559,84.67153476102509,,,,,,0.0,12.145388841629028,59,,temporal_ranker,49.593431821791796,33.68309090172287,117.13732076822406,43.3242103044134,37.30231233104302,86.8028553311463,82.80236900780451,,,,,,0.0,,5.735645160600833,29.608463861251156,92.70509371497752,39.58738756724833,33.29685564634865,6.717294559861622
87.84975853279559,84.67153476102509,,,,,,0.0,12.076303243637085,60,,temporal_ranker,44.52700854626885,31.721412164777735,131.90085579879093,40.51095005804605,34.8236019811491,86.74205777014276,82.7415713888198,,,,,,0.0,,5.666097742110375,29.88002680618939,90.74943512330259,40.02107757828579,33.74270530352333,7.559625086123056
87.84975853279559,84.67153476102509,,,,,,0.0,12.14540958404541,61,,temporal_ranker,49.4467774970253,34.124088646286594,115.45392646406688,42.76155845744766,37.30231238542682,86.80285549349358,82.80236911217062,,,,,,0.0,,5.688818149529542,29.677367932253773,91.91614256294785,39.99270535860544,33.471142332493564,6.589933347527999
87.84975853279559,84.67153476102509,,,,,,0.0,12.179362535476685,62,,temporal_ranker,48.34610847452261,33.819952422249926,126.3610135725815,42.79197197760979,37.05900357152424,86.7825894620168,82.78210312707878,,,,,,0.0,,5.578446699951409,29.961090346486653,88.73338447702534,40.1386197207039,33.59679081386629,7.19071460205273
87.84975853279559,84.67153476102509,,,,,,0.0,12.045180797576904,63,,temporal_ranker,48.55742234687736,33.24209329855703,118.39720524140517,42.51824932811904,36.77007410213025,86.76232351171367,82.76183717677566,,,,,,0.0,,5.625859471146699,30.321823196768296,90.2456251517344,40.292640465242854,33.98994910403912,6.730500352643702
87.84975853279559,84.67153476102509,,,,,,0.0,12.087167501449585,64,,temporal_ranker,50.181509897961234,34.13929530303844,115.2037746105751,43.643553511504706,37.576035111054885,86.802855365935,82.78210308069384,,,,,,0.0,,5.612251194534599,30.40693988190087,89.97588621503185,40.754702817721125,34.07506571379617,6.596228181880756
87.84975853279559,84.67153476102509,,,,,,0.0,11.834152936935425,65,,temporal_ranker,46.965877345226104,32.66423451748207,125.93598304873835,42.031631428394874,36.02494027492774,86.8028554007237,82.80236894982335,,,,,,0.0,,5.590542765906813,30.0381007419486,89.41371040121591,40.312906377858226,33.63326943628055,7.069788683940025
87.84975853279559,84.67153476102509,,,,,,0.0,11.88670563697815,66,,temporal_ranker,46.263383338964765,32.557786702022064,131.48570862564728,41.72749505208357,35.918492502974765,86.74205779333523,82.72130558926771,,,,,,0.0,,5.60194088048972,30.001622131130574,90.45314778613673,40.268321430984635,33.758917943744805,7.461711286628334
87.84975853279559,84.67153476102509,,,,,,0.0,12.18803858757019,67,,temporal_ranker,49.38436873507326,33.95681372524178,117.3745476851498,43.03528107430813,37.25669201273118,86.78258960117162,82.76183728114177,,,,,,0.0,,5.483803859480624,30.41099307312112,87.36563976636657,40.75470282931736,34.35473507886267,6.70944046800154
87.84975853279559,84.67153476102509,,,,,,0.0,11.861451864242554,68,,temporal_ranker,48.312836026231736,33.1812661712187,122.40496137716474,42.63990398523581,36.78528094378701,86.8028554007237,82.80236901940074,,,,,,0.0,,5.507385824440982,30.14348338608148,88.42331642770581,40.641213794046806,33.981842657819335,6.968284552984864
87.84975853279559,84.67153476102509,,,,,,0.0,11.83676266670227,69,,temporal_ranker,49.37129091181024,33.74391823571964,118.29836092726157,43.40024453445073,37.135037518765806,86.7825894620168,82.78210315027125,,,,,,0.0,,5.48929982704875,30.42720581480965,87.70104015383738,40.91277676217751,34.399320005442846,6.669539647380801
87.84975853279559,84.67153476102509,,,,,,0.0,11.878571510314941,70,,temporal_ranker,49.59720334201834,33.789538706306125,114.80915738283282,43.23296959165239,37.16545113681877,86.7825894620168,82.7821031618675,,,,,,0.0,,5.502334303893004,30.32182314458524,88.409940936686,40.77902185777746,34.002108628415876,6.532099601126065
87.84975853279559,84.67153476102509,,,,,,0.0,11.903765201568604,71,,temporal_ranker,48.55316446288659,33.394161432328886,121.30170670739055,42.9136265150822,36.800487741936735,86.7825894620168,82.78210321984866,,,,,,0.0,,5.405199511041901,30.84062993787374,85.59683299250176,41.33025405471891,34.764106012156034,6.947167206854716
87.84975853279559,84.67153476102509,,,,,,0.0,11.970651626586914,72,,temporal_ranker,49.40523278347767,33.81995219383796,118.44434667677776,43.36983104691888,37.19586499416045,86.80285538912747,82.7821031618675,,,,,,0.0,,5.432783082765364,30.42315259749787,86.63079843214977,40.87224495434111,34.29799052064057,6.685728906715004
87.84975853279559,84.67153476102509,,,,,,0.0,11.911963939666748,73,,temporal_ranker,52.032969982606645,35.14294510122633,115.25091527152236,44.98175317353576,38.76216661756056,86.80285550508981,82.80236904259321,,,,,,0.0,,5.356637673155343,30.779832291347972,84.66358865281487,41.638295595979876,34.75599966160518,6.585744595005565
87.84975853279559,84.67153476102509,,,,,,0.0,11.900977373123169,74,,temporal_ranker,49.35407684863049,33.56143656547052,120.12926085586966,43.3242104675648,37.302312483317664,86.80285544710864,82.78210321984866,,,,,,0.0,,5.375931414648717,31.14867147768518,85.25312334183126,41.743678185030646,35.116732540877415,6.8257753318243655
87.84975853279559,84.67153476102509,,,,,,0.0,12.095258951187134,75,,temporal_ranker,51.2538336943971,34.428224805062705,114.91560537884705,44.52554878309695,38.18430773315639,86.8028554007237,82.78210320825242,,,,,,0.0,,5.337574800164783,30.727140915648945,84.15410442343018,41.65045511455851,34.7762656061102,6.629111620631531
87.84975853279559,84.67153476102509,,,,,,0.0,11.736759901046753,76,,temporal_ranker,48.80450257941754,33.83515899198769,120.44100119684734,42.88321300579683,36.99817617226691,86.78258949680551,82.7821031966562,,,,,,0.0,,5.371721543226725,31.09598015127015,85.3471572714557,41.95039021539781,35.23427463111246,6.88194701706406
87.84975853279559,84.67153476102509,,,,,,0.0,12.421374559402466,77,,temporal_ranker,49.87621785115151,34.15450224258604,120.730691143196,43.79562165615332,37.63686231453053,86.78258957797915,82.78210320825242,,,,,,0.0,,5.311123603512804,30.860895846140522,84.26131081256422,41.37483905377555,34.74384010823784,6.809707751239303
87.84975853279559,84.67153476102509,,,,,,0.0,12.287108898162842,78,,temporal_ranker,49.55419856623141,34.16970882863894,124.47080623494448,43.56751961864694,37.7281032557035,86.78258943882433,82.76183737391163,,,,,,0.0,,5.343961484237404,31.21757547911039,84.45707937158963,42.19763403620701,35.27480639546298,6.849523049201409
87.84975853279559,84.67153476102509,,,,,,0.0,12.15373682975769,79,,temporal_ranker,52.66161951405289,35.462288003768364,112.04988152876388,45.11861445477409,39.06630280896695,86.80285542391617,82.7618372231606,,,,,,0.0,,5.2844502267206686,31.13651190112537,84.06817682058431,41.978762495958385,35.19779604638597,6.494121017247221
87.84975853279559,84.67153476102509,,,,,,0.0,12.13463020324707,80,,temporal_ranker,51.60322530678589,34.79318835221938,112.6391461252296,44.58637607358668,38.321168960010915,86.78258960117162,82.78210328942608,,,,,,0.0,,5.26560040021221,31.039235668423576,83.2784153028221,42.17331499615068,35.17753015986212,6.58472198813501
87.84975853279559,84.67153476102509,,,,,,0.0,12.175479412078857,81,,temporal_ranker,49.52396743802258,33.987227191020104,123.61314203617347,43.5827263515361,37.62165562514841,86.76232375523459,82.74157134243487,,,,,,0.0,,5.2487247375198836,31.014916515303955,83.02569960573769,42.19763408549101,35.14915795467707,7.054285983099555
87.84975853279559,84.67153476102509,,,,,,0.0,12.048568725585938,82,,temporal_ranker,50.45924721753945,34.443431690226504,117.43461411799828,43.85644889769763,37.9257918981305,86.78258954319045,82.761837292738,,,,,,0.0,,5.238485256057769,31.655318695863397,82.17959852997895,42.56242019946937,35.566635221126944,6.711803327511697
87.84975853279559,84.67153476102509,,,,,,0.0,11.643736362457275,83,,temporal_ranker,50.72287241037745,34.36739740580538,118.60629905314342,44.35827368802398,38.03223949061693,86.80285550508981,82.80236900780451,,,,,,0.0,,5.210863827267509,31.464819321662535,81.46097014850216,42.44082476436396,35.58690111634796,6.778943778824632
87.84975853279559,84.67153476102509,,,,,,0.0,11.83750295639038,84,,temporal_ranker,52.210707052584986,35.492701795849484,116.54577570239992,45.11861431881459,38.97506194936968,86.80285542391617,82.8023689034384,,,,,,0.0,,5.207246721486637,31.489138334177813,82.26836328376592,42.315176222111,35.53015664219856,6.655956476274198
87.84975853279559,84.67153476102509,,,,,,0.0,11.747711658477783,85,,temporal_ranker,50.92609658809038,34.35219070010812,118.63215003570501,44.58637602464126,38.12348057862616,86.74205773535405,82.7415714236085,,,,,,0.0,,5.177796323011822,31.468872476644552,81.34464395417314,42.444877920795506,35.42072083873508,6.859994146075562
87.84975853279559,84.67153476102509,,,,,,0.0,11.74149227142334,86,,temporal_ranker,51.69051232651203,35.1581518884993,115.3497594116378,44.76885767313686,38.53406424287462,86.78258958957538,82.78210315027125,,,,,,0.0,,5.1365203926999285,31.74043538099597,79.80139666494229,43.121758651292744,35.88683619979291,6.610029011747263
87.84975853279559,84.67153476102509,,,,,,0.0,11.249213218688965,87,,temporal_ranker,50.94878496980145,34.39781131209248,116.92290484470172,44.51034200670075,38.047446354027215,86.80285549349358,82.80236897301582,,,,,,0.0,,5.171708998513129,32.10522141525022,81.43300336854468,42.919099800549596,36.15839919111608,6.85784201465384
87.84975853279559,84.67153476102509,,,,,,0.0,10.878642559051514,88,,temporal_ranker,52.7605245318291,35.477494997699765,115.5656967632962,45.66605973200206,39.17275040689176,86.78258954319045,82.7618373275267,,,,,,0.0,,5.118592117083212,31.768807667354665,79.5117969874742,42.74481307381786,35.8706235334799,6.646846652030945
87.84975853279559,84.67153476102509,,,,,,0.0,11.843461036682129,89,,temporal_ranker,49.60650994560144,33.81995236786613,122.0111042652687,43.91727628063982,37.40876014650303,86.8028552615689,82.8023691005744,,,,,,0.0,,5.053705516492347,32.00794512601678,79.05399042344743,43.22308815059031,36.21109052043017,7.065546544798969
87.84975853279559,84.67153476102509,,,,,,0.0,11.681209802627563,90,,temporal_ranker,52.13990400481398,35.249392693712764,116.76551464700351,45.31630297211835,38.822993690515084,86.80285551668605,82.80236907738193,,,,,,0.0,,5.097327368268707,31.7769140613914,79.50632523469888,43.24740716455511,36.10165462709586,6.668063782427433
87.84975853279559,84.67153476102509,,,,,,0.0,11.631662130355835,91,,temporal_ranker,52.26666811656777,35.568735759406195,119.64796530504296,45.30109603257075,39.18795732468584,86.80285541231994,82.80236906578568,,,,,,0.0,,5.067878807101268,32.26329530317496,79.02338925038794,43.21903489269171,36.324579387555325,6.909506602008848
87.84975853279559,84.67153476102509,,,,,,0.0,11.703522205352783,92,,temporal_ranker,50.522994046359166,34.35219080887572,117.87333052958886,44.17579205584352,37.864964460804515,86.80285534274253,82.80236892663088,,,,,,0.0,,5.0717537180458985,32.48216693619346,79.33386256258775,43.7945861992669,36.62046145662259,6.784201452331821
87.84975853279559,84.67153476102509,,,,,,0.0,11.534324407577515,93,,temporal_ranker,51.36137607793738,35.00608372209716,117.46806917399385,44.57116923192992,38.47323699589193,86.78258962436409,82.78210321984866,,,,,,0.0,,5.040714907738949,32.15791265324396,77.95335007084947,43.32847072804484,36.30836681111313,6.822786296371126
87.84975853279559,84.67153476102509,,,,,,0.0,11.391645193099976,94,,temporal_ranker,51.47494075946564,34.869222408228545,117.28406660748225,44.76885779278122,38.47323719167361,86.76232376683083,82.76183730433424,,,,,,0.0,,5.0127077195431005,32.22276356781503,78.02691531552415,43.640565347462775,36.40158980620974,6.746587909921242
87.84975853279559,84.67153476102509,,,,,,0.0,12.186837673187256,95,,temporal_ranker,54.721412582119015,36.73966046232377,112.81934672028478,46.867398036657455,40.31326130141307,86.78258956638291,82.78210313867503,,,,,,0.0,,5.040803656039999,32.15385955189453,78.21133513163036,43.57571451116629,36.54345103217006,6.505268396252263
87.84975853279559,84.67153476102509,,,,,,0.0,12.09654974937439,96,,temporal_ranker,52.07165606735396,34.945256355470114,114.86238142869769,45.24026909013734,38.64051203658111,86.80285549349358,82.80236894982335,,,,,,0.0,,4.9899400375232625,32.210603985457105,77.46676624053183,43.50681053873166,36.275941324837014,6.705988650774434
87.84975853279559,84.67153476102509,,,,,,0.0,12.17191481590271,97,,temporal_ranker,51.298055060545025,34.96046330589448,122.91667001090781,45.133821405198454,38.56447795881842,86.76232369725342,82.7618373275267,,,,,,0.0,,5.06730353739475,32.2997739197911,79.15532000797732,43.64056532716937,36.434015231605635,7.0311835543082575
87.84975853279559,84.67153476102509,,,,,,0.0,11.717375755310059,98,,temporal_ranker,52.67250734772125,35.52311540846407,119.13701694377147,45.8485412880452,39.27919805920037,86.78258951999798,82.7618372231606,,,,,,0.0,,5.033762318151006,32.05253013087154,79.19564920640642,43.61219308139749,36.20298412929249,6.890258108612395
87.84975853279559,84.67153476102509,,,,,,0.0,11.576378583908081,99,,temporal_ranker,53.51484320276845,36.10097423848445,114.7855873699606,45.985402634544094,39.70498887509325,86.80285537753123,82.80236917015179,,,,,,0.0,,4.992069470743261,32.174125429721194,76.90823834693849,43.65677811524284,36.47454703364391,6.659976884396407
87.84975853279559,84.67153476102509,,,,,,0.0,11.609757423400879,100,,temporal_ranker,52.7568143192434,35.34063359137869,113.23601288952096,45.681266682426426,38.97506200919186,86.80285537753123,82.80236907738193,,,,,,0.0,,4.9657772018751745,32.53891134076545,77.22175149602185,43.75000118861403,36.70152496792927,6.603538232998257
87.84975853279559,84.67153476102509,,,,,,0.0,11.06382441520691,101,,temporal_ranker,53.670196050144455,36.237835623052,115.31478412830046,46.107057182893264,39.841850188961864,86.72179187782079,82.70103953459848,,,,,,0.0,,4.977021691864103,32.336252574095,78.58341676019973,43.87159660052696,36.539397875738516,6.704834645682007
87.84975853279559,84.67153476102509,,,,,,0.0,11.645246505737305,102,,temporal_ranker,53.67305497466212,35.979319652066614,115.27904811566763,46.25912544718624,39.76581610032242,86.78258949680551,82.76183738550787,,,,,,0.0,,4.929311660477159,32.38894388601474,76.22669638826689,44.114787212721566,36.68531229002003,6.64032196737554
87.84975853279559,84.67153476102509,,,,,,0.0,12.082148313522339,103,,temporal_ranker,51.730780050832855,35.29501314798411,123.78041676361195,45.407543858907516,38.929441462468056,86.78258961276785,82.7821031618675,,,,,,0.0,,4.9272791249278916,32.457847871495126,76.14543021421024,44.22016985685445,36.77448222145496,7.097031529802475
87.84975853279559,84.67153476102509,,,,,,0.0,11.999109268188477,104,,temporal_ranker,52.21447838161984,35.371047165924615,119.25486927920014,45.46837121465781,39.020682316626946,86.78258961276785,82.78210318505995,,,,,,0.0,,4.915138689460457,32.47406061463319,75.66837120612772,44.03372372750642,36.912290218507266,6.916627392281581
87.84975853279559,84.67153476102509,,,,,,0.0,11.549713850021362,105,,temporal_ranker,54.15602354146269,36.22262872157306,113.1386889027853,46.426400422614854,39.99391844237808,86.78258957797915,82.78210315027125,,,,,,0.0,,4.922108445649945,32.61997492744765,75.8339433679321,43.95266013502611,36.97308788677598,6.528295444746087
87.84975853279559,84.67153476102509,,,,,,0.0,11.009641647338867,106,,temporal_ranker,52.529563438239755,35.34063353699489,114.08075134249499,45.42275052653612,38.9446482823713,86.74205773535405,82.72130545011291,,,,,,0.0,,4.855473801783551,32.765889373618805,75.4863836677158,44.402562887752104,37.1433213845997,6.583339744240698
87.84975853279559,84.67153476102509,,,,,,0.0,11.823509216308594,107,,temporal_ranker,49.18716665293178,33.51581603506186,124.87682879406171,43.90206947161333,37.22627822065005,86.80285534274253,82.7821031618675,,,,,,0.0,,4.888642794427241,32.92396327458931,76.32397256936545,44.15937216829233,37.102789649239774,7.3398476821662735
87.84975853279559,84.67153476102509,,,,,,0.0,11.83597707748413,108,,temporal_ranker,52.31095031106124,34.80839522650642,113.39188329929853,45.42275060811182,38.67092567094921,86.78258943882433,82.78210305750139,,,,,,0.0,,4.903438300937994,32.86721879464179,76.14826746487896,44.75518929471302,37.24059766948455,6.549620043622316
87.84975853279559,84.67153476102509,,,,,,0.0,11.904261350631714,109,,temporal_ranker,51.23412536243453,34.777981380041496,116.30246701031706,44.52554870695963,38.275548369780076,86.80285545870488,82.76183710719825,,,,,,0.0,,4.882729493226522,32.453794742604636,76.25912174176614,44.12694687915219,36.81906712194361,6.7589084945455955
87.84975853279559,84.67153476102509,,,,,,0.0,11.867657661437988,110,,temporal_ranker,52.96751974205466,35.386254064684366,112.97825768916276,45.75730054809229,39.12713008314154,86.8028554007237,82.80236907738193,,,,,,0.0,,4.785511641186963,32.98070782991235,73.716157999484,44.74302979932685,37.43920337539239,6.6626544816650615
87.84975853279559,84.67153476102509,,,,,,0.0,11.77864956855774,111,,temporal_ranker,52.50371219026346,35.11253124388465,116.77996078111829,45.71168041468537,38.99026884541024,86.80285544710864,82.80236896141957,,,,,,0.0,,4.8458223305787556,32.67266630024761,74.73087108088839,44.212063448322425,37.12305548068151,6.828424059561569
87.84975853279559,84.67153476102509,,,,,,0.0,11.536709308624268,112,,temporal_ranker,54.877738774410126,36.58759229592163,112.10082394363236,47.09550001434166,40.29805468272989,86.80285538912747,82.7821033010223,,,,,,0.0,,4.822883051657027,32.83074022730965,74.2564467604522,44.625487610523805,37.28112937875295,6.509828192474198
87.84975853279559,84.67153476102509,,,,,,0.0,11.431764125823975,113,,temporal_ranker,54.950549012683595,36.61800590309784,111.19069715485956,47.18674091744597,40.25243432634938,86.80285538912747,82.80236911217062,,,,,,0.0,,4.794329194707165,33.244164264851506,73.41257517439846,45.15645393833576,37.73913849942415,6.442670287877104
87.84975853279559,84.67153476102509,,,,,,0.0,11.528236627578735,114,,temporal_ranker,53.186315369344975,35.6295630553343,114.04501538642131,45.87895514538688,39.37043902756524,86.76232359288731,82.74157129604993,,,,,,0.0,,4.848113387011368,32.85505936303491,75.08552408403924,44.71060440292154,37.47162878629298,6.653630267964663
87.84975853279559,84.67153476102509,,,,,,0.0,11.526637077331543,115,,temporal_ranker,53.4460477074785,35.38625408915708,113.17442517210968,46.289538983663505,39.35523222941552,86.80285556307099,82.80236906578568,,,,,,0.0,,4.846264318269514,33.138781794662144,74.18551623357409,45.11186900885652,37.6742876602286,6.7110810558291245
87.84975853279559,84.67153476102509,,,,,,0.0,11.681063175201416,116,,temporal_ranker,54.294466429600746,36.465937780202744,114.92472963176505,46.83698440772773,40.069952596278085,86.78258953159421,82.78210312707878,,,,,,0.0,,4.753354878277166,33.463035923961534,72.80621960469257,45.32263422754488,37.71481936659794,6.706153855706654
87.84975853279559,84.67153476102509,,,,,,0.0,12.075443744659424,117,,temporal_ranker,53.467763125200335,36.024940177036896,118.98570888233881,46.53284810755375,39.72019578201057,86.80285552828228,82.8023691353631,,,,,,0.0,,4.758744062152818,33.07393094387036,73.46141581405462,45.111868904490414,37.540532752929494,6.879491107307211
87.84975853279559,84.67153476102509,,,,,,0.0,12.033482789993286,118,,temporal_ranker,55.849089240636275,36.95255586483183,111.26901184990459,47.749393166851824,40.875913605202726,86.80285541231994,82.80236894982335,,,,,,0.0,,4.804624261559216,33.183366735737614,74.20902452116347,44.933529145986654,37.55674556709449,6.4679432681007105
87.84975853279559,84.67153476102509,,,,,,0.0,11.924002408981323,119,,temporal_ranker,55.47658319229626,36.89172860697238,109.93765531230147,47.33880921436922,40.60219101009578,86.78258958957538,82.78210315027125,,,,,,0.0,,4.713169981533452,33.24011120988701,71.8081248200821,45.34695331978427,37.83236154380476,6.413336319644956
87.84975853279559,84.67153476102509,,,,,,0.0,11.836789846420288,120,,temporal_ranker,54.97852939745805,36.633212559849675,111.69632297362725,47.17153411929625,40.32846817570011,86.80285549349358,82.76183726954552,,,,,,0.0,,4.75859650656407,33.552205846699295,72.56465048409622,45.47665507065183,38.071499153217914,6.587521025734226
87.84975853279559,84.67153476102509,,,,,,0.0,11.775798797607422,121,,temporal_ranker,52.21015968092167,35.49270176321921,127.76764300617859,46.15267751208187,39.35523236537502,86.78258948520927,82.76183716517941,,,,,,0.0,,4.722840090670011,33.613003549756705,72.03976367234256,45.78064331632644,38.13634999531252,7.260465186877842
87.84975853279559,84.67153476102509,,,,,,0.0,11.75570273399353,122,,temporal_ranker,53.52269033711322,36.511558288857884,126.18765553853808,46.91301842022986,40.16119357008134,86.76232361607978,82.76183728114177,,,,,,0.0,,4.703414649351098,33.410344730903205,71.98808575882522,45.476655003973484,37.97827596098532,7.088450624994988
87.84975853279559,84.67153476102509,,,,,,0.0,11.908278465270996,123,,temporal_ranker,55.680415381567315,37.135037507889045,112.52205344012184,47.61253197262757,40.875913670463284,86.78258954319045,82.78210306909762,,,,,,0.0,,4.736888633627836,33.27658971343987,72.61227514029477,45.50097401793829,37.747244849975004,6.602283632668265
87.84975853279559,84.67153476102509,,,,,,0.0,11.84087085723877,124,,temporal_ranker,54.53935673367368,36.876521493396616,114.61983279155119,46.60888218531643,40.404502264339555,86.74205779333523,82.74157140041603,,,,,,0.0,,4.714573830018248,33.122569047175496,72.28031995463463,45.14834761387643,37.743191641360404,6.6814347644791985
87.84975853279559,84.67153476102509,,,,,,0.0,12.083074808120728,125,,temporal_ranker,54.38783604232934,36.481144687120064,115.9435864347611,47.034672935948755,40.14598648913585,86.80285543551241,82.80236904259321,,,,,,0.0,,4.713023560056427,33.79539648788448,72.09103656881977,45.995461668253874,38.33900879677168,6.748893576816921
87.84975853279559,84.67153476102509,,,,,,0.0,11.956966161727905,126,,temporal_ranker,54.913018763108845,36.602799039687554,111.08957088776748,47.00425927438875,40.298054796935865,86.78258964755656,82.78210317346372,,,,,,0.0,,4.685724937962187,34.07506583555663,71.51386368831308,46.28323732878911,38.821336966196384,6.461099993573488
87.84975853279559,84.67153476102509,,,,,,0.0,11.809717655181885,127,,temporal_ranker,55.10784825908877,36.420317255232455,112.36086114044608,47.3236022530681,40.4349160237904,86.78258953159421,82.76183710719825,,,,,,0.0,,4.665301817864296,33.61300353816047,71.60992428486449,45.94277041431531,38.20930702850976,6.540531311592046
87.84975853279559,84.67153476102509,,,,,,0.0,11.08841586112976,128,,temporal_ranker,53.913201079838466,36.4507309059157,117.88473575654692,46.79136387188069,39.94829800442187,86.7420579208938,82.74157144680098,,,,,,0.0,,4.703850827792276,33.36981292596587,72.69110925930484,45.695526631193864,37.880999754375054,6.883258964023451
87.84975853279559,84.67153476102509,,,,,,0.0,10.850655555725098,129,,temporal_ranker,54.85213059095572,36.64841960816488,114.41682199492071,47.20194804189849,40.40450232960012,86.80285547030111,82.78210321984866,,,,,,0.0,,4.681426359985589,33.41845100028042,72.07036523039703,45.35505964134454,37.726978998239865,6.742250506895302
87.84975853279559,84.67153476102509,,,,,,0.0,11.302643537521362,130,,temporal_ranker,55.32390664876813,36.40511061479575,111.18081196816298,47.41484324862487,40.51094998190873,86.80285550508981,82.80236903099699,,,,,,0.0,,4.647339349127002,33.75081152941466,71.14157951063683,45.9711426310966,38.371434268552505,6.4552467278320425
87.84975853279559,84.67153476102509,,,,,,0.0,12.195981502532959,131,,temporal_ranker,53.08789700944058,36.085767483841764,122.59352485628894,46.25912553420032,39.765816230843534,86.80285542391617,82.80236894982335,,,,,,0.0,,4.632210495870865,33.84808784039104,70.8649499986886,46.10895071512066,38.39575319844461,6.9607770364649975
87.84975853279559,84.67153476102509,,,,,,0.0,12.856985092163086,132,,temporal_ranker,55.5962911259954,37.119830600971724,112.90830561279381,47.779806763151264,40.73905219344327,86.78258962436409,82.78210311548256,,,,,,0.0,,4.651543179838574,33.827821927775666,71.21494188382931,45.979249001940865,38.3673810744332,6.556378750905504
87.84975853279559,84.67153476102509,,,,,,0.0,12.774332046508789,133,,temporal_ranker,55.349332487539655,36.89172834593014,114.37956520240672,47.64294540577561,40.678225000844385,86.78258965915279,82.78210313867503,,,,,,0.0,,4.672935625922356,33.41034463233521,71.54243884383473,45.517186750929646,37.92558468095523,6.572533627496148
87.84975853279559,84.67153476102509,,,,,,0.0,12.222861766815186,134,,temporal_ranker,55.04489198461937,36.92214212713451,113.90815454677944,47.17153417368005,40.571777261521696,86.76232363927225,82.76183733912293,,,,,,0.0,,4.611259386929093,34.20476744437032,70.02067325412068,46.55074716078168,38.77675201642374,6.684888543003667
87.84975853279559,84.67153476102509,,,,,,0.0,12.253828525543213,135,,temporal_ranker,55.44738627976744,36.891728498204785,113.34398124339806,47.582118289314046,40.72384563458227,86.76232377842706,82.7415713540311,,,,,,0.0,,4.640768167109805,33.45898281391493,71.42611267269817,45.99951498413364,38.21741352401355,6.601515046001351
87.84975853279559,84.67153476102509,,,,,,0.0,12.59604525566101,136,,temporal_ranker,55.43236166247486,36.89172861784914,114.10204089906094,47.642945329638295,40.73905226958059,86.7825894620168,82.74157127285746,,,,,,0.0,,4.594590044670996,33.91293869988,70.21360460886231,46.10895069192819,38.61867808936171,6.600060662213903
87.84975853279559,84.67153476102509,,,,,,0.0,12.497605800628662,137,,temporal_ranker,55.02792113334158,36.52676495104811,114.69054474447765,47.41484324318649,40.495743091306544,86.74205779333523,82.74157134243487,,,,,,0.0,,4.576697047582396,33.94536411947777,69.89745683011378,46.38862000191258,38.77269880491008,6.642080646361748
87.84975853279559,84.67153476102509,,,,,,0.0,12.94544792175293,138,,temporal_ranker,55.15657103322717,36.6636264878903,113.93780702874608,47.369222875929225,40.586984157562256,86.76232366246472,82.76183709560202,,,,,,0.0,,4.568318090086318,33.99400221698479,69.41695242772306,46.384566874471616,38.83754968179339,6.677622962172014
87.84975853279559,84.67153476102509,,,,,,0.0,12.470942258834839,139,,temporal_ranker,55.51161952340689,37.27189884351118,113.68157243206554,47.39963627644699,40.906327179748644,86.74205779333523,82.7415714236085,,,,,,0.0,,4.539561220644049,34.03858724213296,68.77026774308096,46.53858752334164,38.724060750888945,6.69285924330245
87.84975853279559,84.67153476102509,,,,,,0.0,11.787282466888428,140,,temporal_ranker,55.192276559650466,36.67883322077946,112.44601928404649,47.26277508222274,40.55657056126282,86.8028554007237,82.78210320825242,,,,,,0.0,,4.571385340931815,34.346628751504284,69.93089530022692,46.56695982709469,38.959144980643046,6.614851399929854
87.84975853279559,84.67153476102509,,,,,,0.0,12.169348001480103,141,,temporal_ranker,56.66429618670993,37.34793277987598,111.9137806700964,48.44890686064741,41.39294520999393,86.80285531955006,82.80236903099699,,,,,,0.0,,4.577116079367553,34.488489945574955,69.73978789863884,46.74529970735891,39.00778311003971,6.547422555241272
87.84975853279559,84.67153476102509,,,,,,0.0,12.635040998458862,142,,temporal_ranker,54.00912554268419,36.5115581746519,123.62378672526701,47.08029326513736,40.358881848136875,86.78258935765069,82.78210327782983,,,,,,0.0,,4.555006260074066,34.427692257012836,68.97941187429984,46.2143333621526,38.94698554323805,7.088370873980279
87.84975853279559,84.67153476102509,,,,,,0.0,12.470841884613037,143,,temporal_ranker,55.03461213633962,37.059003538893954,113.37135387163093,47.06508660838552,40.571777141877334,86.76232356969484,82.74157137722356,,,,,,0.0,,4.573320165682396,33.961576794487954,69.31238037370986,46.481843118769646,38.64299716420675,6.686951001195142
87.84975853279559,84.67153476102509,,,,,,0.0,12.3873872756958,144,,temporal_ranker,53.30529348136734,35.82725154004828,116.73966296397856,46.12226420945495,39.58333441375816,86.76232339575132,82.74157137722356,,,,,,0.0,,4.487907705140021,34.452011285472935,67.51763319690868,47.146564374174126,39.33203738429203,6.8601005260091625
87.84975853279559,84.67153476102509,,,,,,0.0,12.209779500961304,145,,temporal_ranker,55.586862839399465,36.86131489102858,112.07573288331066,47.77980674139775,40.663018099365445,86.78258954319045,82.76183709560202,,,,,,0.0,,4.569853461206192,34.02237446565572,69.78234639427541,46.49805584306383,38.797017873956996,6.586709087782532
87.84975853279559,84.67153476102509,,,,,,0.0,12.456724643707275,146,,temporal_ranker,55.913566016324246,37.226278432746874,114.45483925133726,47.81022029419015,41.16484300933615,86.78258957797915,82.78210317346372,,,,,,0.0,,4.537309728707784,34.318256491237115,68.90078011885691,46.664236085888014,39.088846717015315,6.652657290444757
87.84975853279559,84.67153476102509,,,,,,0.0,12.704559326171875,147,,temporal_ranker,54.82159536063236,36.52676504893895,113.37287450358815,47.217154622513014,40.28284800966291,86.80285543551241,82.78210308069384,,,,,,0.0,,4.497454269386915,34.54928765732954,67.8982267560662,47.231681041912346,39.40499459143279,6.732433326923064
87.84975853279559,84.67153476102509,,,,,,0.0,12.1203932762146,148,,temporal_ranker,54.78461233447068,36.57238546514163,113.1698630761056,47.232361344525415,40.22202070829642,86.76232372044589,82.7415713192424,,,,,,0.0,,4.551421091714258,34.13991669214653,69.36831434413153,46.67639555518265,38.81728376917802,6.620194276754003
87.84975853279559,84.67153476102509,,,,,,0.0,12.362582206726074,149,,temporal_ranker,54.22269025453686,36.35949003000329,117.05748484952606,46.91301842022986,40.130779832384015,86.78258951999798,82.78210308069384,,,,,,0.0,,4.50734193130226,34.50470262058514,67.86661195152001,46.96822444752497,39.02804901975602,6.852251248638125
87.84975853279559,84.67153476102509,,,,,,0.0,12.11204981803894,150,,temporal_ranker,54.68637631670403,36.32907646633413,113.82755850353381,47.08029321075356,40.252434391609945,86.76232377842706,82.761837292738,,,,,,0.0,,4.482830942372868,34.15207614694588,67.53019807867503,46.712874218183735,38.926719537852804,6.6936796303213075
87.84975853279559,84.67153476102509,,,,,,0.0,11.950217247009277,151,,temporal_ranker,56.6503666108107,37.71289649018406,111.70772823974164,48.08394309595553,41.54501332201227,86.78258947361304,82.78210309229009,,,,,,0.0,,4.5336561699321765,34.58981942457912,68.98143847860715,46.90742675896285,39.465792219114675,6.570162893211754
87.84975853279559,84.67153476102509,,,,,,0.0,11.256757020950317,152,,temporal_ranker,55.43534233091522,37.135037502450665,114.82512421851611,47.521290966194044,40.860706785299485,86.80285550508981,82.80236897301582,,,,,,0.0,,4.545708413717811,34.40337317781921,69.30670596746155,46.50210902848596,39.12127208732909,6.765987799985566
87.84975853279559,84.67153476102509,,,,,,0.0,11.34510350227356,153,,temporal_ranker,55.04014747086232,36.51155818009028,114.25258836606993,47.43004997063727,40.46532955482928,86.78258947361304,82.78210311548256,,,,,,0.0,,4.477123227100892,34.53307480547679,67.25640591712313,47.02091585221458,39.21854841859888,6.633408348055651
87.84975853279559,84.67153476102509,,,,,,0.0,11.694535255432129,154,,temporal_ranker,56.62183870259862,37.226278372924696,111.20894476445052,48.34245884940572,41.34732485905181,86.80285551668605,82.78210295313527,,,,,,0.0,,4.457822551987051,34.76005287891696,67.66030511735478,47.52756315156643,39.5184835803184,6.534330268845941
87.84975853279559,84.67153476102509,,,,,,0.0,12.404101133346558,155,,temporal_ranker,56.601400562925065,36.9069352419707,109.18339709730914,48.22080427930303,41.22567019105828,86.80285548189735,82.8023689382271,,,,,,0.0,,4.441657831232836,34.52902175631041,67.09042843677655,47.20736199315884,39.39688824378099,6.490012211521177
87.84975853279559,84.67153476102509,,,,,,0.0,12.028894662857056,156,,temporal_ranker,58.394284085548705,38.09306681373694,108.44206483259688,49.467763000161106,42.335767772075904,86.78258950840174,82.76183726954552,,,,,,0.0,,4.515910523874751,34.50470262058514,69.20375535924147,46.73314011340475,38.99157046691917,6.359756631572751
87.84975853279559,84.67153476102509,,,,,,0.0,11.934892654418945,157,,temporal_ranker,57.71891897690557,37.636862336284054,110.04106190952942,49.315694909896294,41.86435647471978,86.8028553311463,82.80236904259321,,,,,,0.0,,4.436198049018355,34.914073548080395,67.2718080147695,47.819391803286884,39.74951465943908,6.452258913186345
87.84975853279559,84.67153476102509,,,,,,0.0,11.136548280715942,158,,temporal_ranker,56.73449064984809,37.39355333203817,112.366943903213,48.50973379220406,41.4689792660031,86.78258943882433,82.78210309229009,,,,,,0.0,,4.434735686862515,34.63845748149931,66.87216477635306,47.361382755092144,39.477951795674485,6.639042867361194
87.84975853279559,84.67153476102509,,,,,,0.0,11.445230722427368,159,,temporal_ranker,55.69105995871725,36.86131490734372,117.23616524334372,48.20559752466035,40.96715441585457,86.78258963596032,82.78210306909762,,,,,,0.0,,4.486997377547772,34.391213637497636,68.38339212803525,47.34516997281679,39.23070789079258,6.795082639603719
87.84975853279559,84.67153476102509,,,,,,0.0,11.511842012405396,160,,temporal_ranker,56.183213303472016,37.10462387895932,114.98099460654015,48.43369968181109,41.164843031089674,86.80285550508981,82.7821031618675,,,,,,0.0,,4.469303214596403,34.561447152715715,68.19552733972378,47.31274446624726,39.332037355301445,6.8190751998093875
87.84975853279559,84.67153476102509,,,,,,0.0,11.962335348129272,161,,temporal_ranker,55.58777551120214,37.27189883263442,115.58090294799665,47.916668240171276,40.87591362695624,86.78258951999798,82.76183719996813,,,,,,0.0,,4.401627927902608,34.723574262300815,66.48062779745703,47.5478288612477,39.579281208000296,6.749472416230362
87.84975853279559,84.67153476102509,,,,,,0.0,11.720793008804321,162,,temporal_ranker,56.23187537876359,36.90693528003936,112.9470834462312,48.29683848758683,41.11922281066867,86.80285549349358,82.78210318505995,,,,,,0.0,,4.453232316191558,34.63440439464517,67.44508145384287,47.247893653143244,39.295558854647645,6.619973858777624
87.84975853279559,84.67153476102509,,,,,,0.0,11.319684743881226,163,,temporal_ranker,58.027678047566525,38.06265303253257,108.55763682483757,49.48296960252915,41.97080419228895,86.78258960117162,82.78210303430892,,,,,,0.0,,4.430014298583747,34.56955352355998,66.42894968216521,47.527563061695616,39.44957954410449,6.443117157386167
87.84975853279559,84.67153476102509,,,,,,0.0,11.233038425445557,164,,temporal_ranker,56.45219131464506,37.195864831009054,114.18491774231848,48.50973380308081,41.33211783249013,86.76232355809861,82.74157140041603,,,,,,0.0,,4.379502802043573,35.230221428295984,65.68113847233442,48.050422870811325,40.057556186204756,6.656776494353357
87.84975853279559,84.67153476102509,,,,,,0.0,11.14064335823059,165,,temporal_ranker,56.333030993747016,37.21107168354257,109.8768273757322,48.22080446420795,41.012774951701616,86.78258940403563,82.76183716517941,,,,,,0.0,,4.3765082187689694,35.33965727234629,65.58872601401481,48.188231166466664,40.34938501766683,6.483602682169336
87.84975853279559,84.67153476102509,,,,,,0.0,12.061867237091064,166,,temporal_ranker,55.90468528270722,37.10462395509664,115.2311474041347,48.281631613299794,40.9823612683881,86.7825894620168,82.7821031966562,,,,,,0.0,,4.38853353331525,34.99513719564282,66.34383307820629,48.02610392932298,40.094034799921836,6.74269235395167
87.84975853279559,84.67153476102509,,,,,,0.0,12.446395874023438,167,,temporal_ranker,56.58698443722551,37.226278345732794,113.16530153699165,48.55535413226942,41.36253149405013,86.80285553987852,82.80236903099699,,,,,,0.0,,4.383492729543248,35.09241340805121,65.80962415103319,48.02205069751591,39.972439480778775,6.582423536446843
87.84975853279559,84.67153476102509,,,,,,0.0,12.212440490722656,168,,temporal_ranker,55.578590429829845,37.119830720616086,113.88990612578218,47.658152399707014,40.86070672003892,86.78258948520927,82.78210303430892,,,,,,0.0,,4.440153501377032,34.75599967030236,67.7298170861567,47.39786133112147,39.70087661411512,6.641109769361733
87.84975853279559,84.67153476102509,,,,,,0.0,12.230507135391235,169,,temporal_ranker,56.81709388511894,37.51520773355108,110.47901773539773,48.31204520959924,41.499392699151144,86.80285535433877,82.80236904259321,,,,,,0.0,,4.395318394968946,35.319391365529036,65.88906638353251,47.940987145622415,40.21157702061453,6.484414709745533
87.84975853279559,84.67153476102509,,,,,,0.0,12.361970663070679,170,,temporal_ranker,56.28686281386083,37.40876016825655,113.40024710571679,48.23601109920627,41.24087703271504,86.78258947361304,82.78210317346372,,,,,,0.0,,4.389829632373171,35.108626114951036,66.07693112313979,48.07879513687661,40.05350302977321,6.732345222556678
87.84975853279559,84.67153476102509,,,,,,0.0,12.045421600341797,171,,temporal_ranker,56.65809163037878,37.62165556532623,112.27646352600877,48.52494057947702,41.377738422720974,86.80285543551241,82.80236891503463,,,,,,0.0,,4.380152056653212,34.81679733567201,66.35882969496315,47.823445017699605,39.761674178017714,6.661394852791389
87.84975853279559,84.67153476102509,,,,,,0.0,12.004460096359253,172,,temporal_ranker,56.54166806783989,37.50000101153868,114.8722662194802,48.55535407788562,41.4537723264555,86.78258948520927,82.78210304590515,,,,,,0.0,,4.309939780123966,35.38829541044013,64.16322326381847,48.09906112776656,40.10619435618823,6.809847212185825
87.84975853279559,84.67153476102509,,,,,,0.0,12.038652420043945,173,,temporal_ranker,56.534490648803924,37.469587442431134,114.10660346494105,48.32725201862572,41.49939291668635,86.78258962436409,82.78210312707878,,,,,,0.0,,4.346500513618558,35.12483884214427,65.64303843891574,48.013944338267876,40.05755622389252,6.69390882192737
87.84975853279559,84.67153476102509,,,,,,0.0,11.960309743881226,174,,temporal_ranker,56.243432382075454,37.241485258088495,114.2282565318755,48.403286063758124,41.18004987274643,86.80285537753123,82.76183718837189,,,,,,0.0,,4.377578836470726,35.6355392196531,65.85562775802984,48.42331533534054,40.48313986118666,6.649783629570564
87.84975853279559,84.67153476102509,,,,,,0.0,12.054050207138062,175,,temporal_ranker,57.65346850800689,37.895378149556414,111.52448638294734,49.23966065810545,41.95559708958995,86.78258960117162,82.78210313867503,,,,,,0.0,,4.376571198381803,35.26264685079281,66.27229434970752,48.042316557948226,40.02513083038627,6.592533237742682
87.84975853279559,84.67153476102509,,,,,,0.0,11.887387037277222,176,,temporal_ranker,56.91952715089722,37.347932921273866,112.2399665056354,48.76824957828452,41.514599682205784,86.76232355809861,82.74157134243487,,,,,,0.0,,4.366357029180119,35.1977960231935,65.92980095616575,48.08284850204037,40.21157690465218,6.508684508121797
87.84975853279559,84.67153476102509,,,,,,0.0,11.904367923736572,177,,temporal_ranker,57.43887019374945,37.834550940642394,112.78132961614288,49.13321324508556,41.8947699404981,86.78258961276785,82.7821032662336,,,,,,0.0,,4.401460578005602,34.79653145784534,66.60647887896008,48.05852931413205,39.84679091243429,6.597182657596838
87.84975853279559,84.67153476102509,,,,,,0.0,12.02842926979065,178,,temporal_ranker,56.826643845591235,37.59124189832785,114.7316026600608,48.95073122134174,41.52980644772523,86.8028554007237,82.80236904259321,,,,,,0.0,,4.294788410691436,35.74092189277656,64.53935819609156,48.58949551148637,40.329119171729815,6.735228890050067
87.84975853279559,84.67153476102509,,,,,,0.0,11.820517778396606,179,,temporal_ranker,57.34020849844835,37.484794267772756,110.59306925230652,48.798663370365645,41.78832235345005,86.74205779333523,82.74157126126123,,,,,,0.0,,4.336977750874679,35.42477401546003,65.5135394418286,48.338198627015494,40.28453413498541,6.410619820991572
87.84975853279559,84.67153476102509,,,,,,0.0,11.85383653640747,180,,temporal_ranker,55.254807033025436,36.435524336177934,110.42883520143745,47.49087744603192,40.343675126124474,86.80285551668605,82.80236912376685,,,,,,0.0,,4.26378843988426,35.29101911975716,63.47681765426458,48.650293295717425,40.44260810553332,6.463425524043341
